Workbook

Sheet Leggimi
A1: Libreria analisi dei rischi – prima estrazione
A3: Origine: Valutazione dei rischi 200741V rev. 0.0 del 22.05.2020, Impianto di smerigliatura e lucidatura rubinetteria mod. 3 IR 50/6 USNR + TR 5/4 CNC (versioni PDF "aggiornata" di relazione introduttiva e schede RESS).
A4: I testi sono estratti in automatico dal PDF: prima di riusarli vanno riletti. Immagini e figure non sono riportate.
A6: Fogli
A7: Libreria – una riga per ogni scheda di valutazione (78), con zona, modulo, pericoli, stime, misure, testo per le istruzioni e norme.
A8: Moduli – i moduli ricavati dalle schede, con il conteggio delle righe.
A9: RESS-Regolamento – tutti i requisiti della parte 1 dell'Allegato I della Direttiva, se sono trattati nel documento e a quale punto dell'Allegato III del Regolamento (UE) 2023/1230 corrispondono.
A10: Norme – le norme citate nella relazione e le edizioni più recenti a me note.
A11: Punti aperti – le decisioni da prendere prima di usare la libreria per le nuove commesse.
A12: Metodo – matrice e scale del metodo di stima, usate dalle formule.
A14: Come si usa
A15: Celle gialle: sono quelle da compilare o rivedere (condizione di attivazione, note di revisione, decisioni).
... A18: La colonna "Novità del Regolamento" è una sintesi: prima di usarla in un fascicolo va confrontata con il testo ufficiale del Regolamento.

Sheet Libreria
A1: ID | B1: RESS 2006/42/CE | C1: Titolo requisito | D1: Scheda originale | E1: Zona impianto | F1: Modulo | G1: Condizione di attivazione (da rivedere) | H1: Zona pericolosa | I1: Condizioni operative | J1: Pericoli | K1: Se iniz. | L1: Fr iniz. | M1: Pr iniz. | N1: Av iniz. | O1: Cl iniz. | P1: Esito iniziale | Q1: Misure di protezione | R1: Indicazioni per le istruzioni / rischio residuo | S1: Se fin. | T1: Fr fin. | U1: Pr fin. | V1: Av fin. | W1: Cl fin. | X1: Esito finale | Y1: Norme citate | Z1: Note di revisione
A2: LIB-001 | B2: 1.1.1 | C2: Definizioni | D2: VRQ-001 | E2: Impianto | F2: Generale impianto | G2: Sempre | I2: Tutte. | O2: =IF(COUNT(L2:N2)=3,SUM(L2:N2),"") | P2: =IF(OR(K2="",O2=""),"",INDEX(Metodo!$C$6:$G$9,MATCH(K2,Metodo!$B$6:$B$9,0),MATCH(O2,Metodo!$C$5:$G$5,1))) | Q2: Informazioni nelle istruzioni | R2: Nel manuale saranno riportate e chiarite le definizioni del presente RESS. | W2: =IF(COUNT(T2:V2)=3,SUM(T2:V2),"") | X2: =IF(OR(S2="",W2=""),"",INDEX(Metodo!$C$6:$G$9,MATCH(S2,Metodo!$B$6:$B$9,0),MATCH(W2,Metodo!$C$5:$G$5,1))) | Y2: Norme A: EN ISO 12100 | Norme: ISO/TR 14121-2 | Z2: Scheda descrittiva, senza stima del rischio.
A3: LIB-002 | B3: 1.1.2 | C3: Principi d'integrazione della sicurezza | D3: VRQ-001 | E3: Impianto | F3: Generale impianto | G3: Sempre | I3: Tutte. | O3: =IF(COUNT(L3:N3)=3,SUM(L3:N3),"") | P3: =IF(OR(K3="",O3=""),"",INDEX(Metodo!$C$6:$G$9,MATCH(K3,Metodo!$B$6:$B$9,0),MATCH(O3,Metodo!$C$5:$G$5,1))) | Q3: L’Impianto di smerigliatura e lucidatura rubinetteria viene progettato per eseguire in modo automatico le operazioni di smerigliatura e, successivamente, di pulitura di componenti di rubinetteria. L'impianto sarà realizzato con due zone di lavoro, di smerigliatura e di pulitura, ognuna con una propria cabina di protezione e fonti di alimentazione. La zona di smerigliatura sarà costituita dai seguenti elementi: - Stazione di carico a doppio pallet; - nr. 3 gruppi di smerigliatura, costituita da un robot antropomorfo e due smerigliatrici a nastro; - nr. 2 dispositivi per il passaggio del pezzo da un gruppo di smerigliatura a un altro; - Trasportatore a tappeto di scarico. La zona di pulitura sarà costituita dai seguenti elementi: - Tavola rotante con 5 gruppi porta-pezzi; - nr. 4 unità di lucidatura CNC; - Impianto della pasta abrasiva a servizio delle stazioni di lucidatura. Le fonti di alimentazione di energia dell'impianto saranno elettrica e pneumatica. L'impianto viene progettato cercando di eliminare ogni possibile rischio. In linea generale verranno seguite le norme EN ISO 10218-2:2011 e 11161:2010. A tal proposito sarà dotato di: - Ripari fissi perimetrali: cabina di protezione con pannelli fonoassorbenti e finestre per la visione della zona interna; - Ripari mobili interbloccati: porte di accesso alla zona di lavoro, interbloccati con bloccaggio della porta; - Sistemi di comando e controllo; - Manuale d'uso con avvertenze, informazioni sui rischi residui e operazioni di manutenzione. Le uniche operazioni che l'operatore addetto alla conduzione dovrà eseguire, oltre a sovrintendere alle operazioni dell'impianto, saranno quelle di: - Caricare (all'occorrenza) i pezzi da lavorare sui pallet della stazione di carico (in zona classificata di carico) della zona di smerigliatura; - A ogni rotazione della tavola rotante della zona di pulitura, scaricare il pezzo lavorato e caricarne uno da lucidare, prelevandolo dal trasportatore a nastro, in uscita dalla zona di smerigliatura. A seconda del tipo di prodotto che si intende lavorare (fra quelli previsti dall'impianto), sarà necessario compiere delle operazioni di attrezzaggio. In particolare, se necessario, si dovranno sostituire le pinze di presa del pezzo sui gruppi di manipolazione, quali, i robot antropomorfi, la tavola rotante a 5 passi, nonché i due pallet porta-pezzi della stazione di carico. Tutti i rischi residui saranno segnalati e riportati nel manuale di istruzione dell'impianto. Verranno fornite indicazioni in merito ai DPI da utilizzare. | W3: =IF(COUNT(T3:V3)=3,SUM(T3:V3),"") | X3: =IF(OR(S3="",W3=""),"",INDEX(Metodo!$C$6:$G$9,MATCH(S3,Metodo!$B$6:$B$9,0),MATCH(W3,Metodo!$C$5:$G$5,1))) | Y3: Norme A: EN ISO 12100 | Norme: ISO/TR 14121-2 | Z3: Scheda descrittiva, senza stima del rischio.
A4: LIB-003 | B4: 1.1.3 | C4: Materiali e prodotti | D4: VRQ-001 | E4: Impianto | F4: Generale impianto | G4: Sempre | H4: Le parti dell'impianto | I4: Normale. | J4: 6.1 Pericoli generati da materiali e sostanze trattate, utilizzate o scaricate dalla macchina 6.2 Pericoli da contatto o inalazione di fluidi dannosi, gas, nebbie, fumi e polveri che hanno effetto dannoso, tossico, corrosivo e/o irritante 6.4 Pericoli biologici (es. muffe) e microbiologici (virus e batteri) | K4: 2 | L4: 4 | M4: 2 | N4: 3 | O4: =IF(COUNT(L4:N4)=3,SUM(L4:N4),"") -> 9 | P4: =IF(OR(K4="",O4=""),"",INDEX(Metodo!$C$6:$G$9,MATCH(K4,Metodo!$B$6:$B$9,0),MATCH(O4,Metodo!$C$5:$G$5,1))) -> Suggerite | Q4: L’Impianto di smerigliatura e lucidatura rubinetteria viene progettato per eseguire in modo automatico le operazioni di smerigliatura e, successivamente, di pulitura di componenti di rubinetteria. L'impianto sarà realizzato con due zone di lavoro, di smerigliatura e di pulitura, ognuna con una propria cabina di protezione e fonti di alimentazione. La zona di smerigliatura sarà costituita dai seguenti elementi: - Stazione di carico a doppio pallet; - nr. 3 gruppi di smerigliatura, costituita da un robot antropomorfo e due smerigliatrici a nastro; - nr. 2 dispositivi per il passaggio del pezzo da un gruppo di smerigliatura a un altro; - Trasportatore a tappeto di scarico. La zona di pulitura sarà costituita dai seguenti elementi: - Tavola rotante con 5 gruppi porta-pezzi; - nr. 4 unità di lucidatura CNC; - Impianto della pasta abrasiva a servizio delle stazioni di lucidatura. Le fonti di alimentazione di energia dell'impianto saranno elettrica e pneumatica. I materiali scelti ed utilizzati per la costruzione delle varie parti dell’impianto non presenteranno particolari pericoli. Questi saranno materiali inerti che non emetteranno sostanze dannose per gli operatori durante il normale utilizzo dell'impianto: - Acciaio inox e acciaio zincato-verniciato; - Alluminio; - Vetro antisfondamento; - Vari materiali plastici di commercio (maniglie, pomelli, ecc.); - Policarbonato; - Apparecchiature elettriche ed elettroniche; - Cavi elettrici; - Altri materiali minori (viti, dadi, ecc.). Il progetto strutturale dell’intero impianto sarà realizzato da: C.O.S.M.A.P. srl Vedere i "Disegni" e gli "Schemi meccanici" del Fascicolo Tecnico. Il progetto dell’equipaggiamento elettrico sarà realizzato da: C.G.A. Automazioni srl Vedere gli "schemi elettrici" all'interno del Fascicolo Tecnico. Il progetto dell’equipaggiamento pneumatico sarà realizzato da: C.O.S.M.A.P. srl Vedere gli "schemi pneumatici" all'interno del Fascicolo Tecnico. Per quanto riguarda le polveri e sostanze che si formano durante la produzione, vedere quanto indicato al RESS 1.5.13. | R4: Nelle istruzioni dell'impianto saranno indicate le manutenzioni da eseguire per mantenere l'integrità delle parti. | S4: 2 | T4: 2 | U4: 1 | V4: 3 | W4: =IF(COUNT(T4:V4)=3,SUM(T4:V4),"") -> 6 | X4: =IF(OR(S4="",W4=""),"",INDEX(Metodo!$C$6:$G$9,MATCH(S4,Metodo!$B$6:$B$9,0),MATCH(W4,Metodo!$C$5:$G$5,1))) -> OK | Y4: Norme A: EN ISO 12100 | Norme: ISO/TR 14121-2
A5: LIB-004 | B5: 1.1.3 | C5: Materiali e prodotti | D5: VRQ-200 | E5: Pulitura | F5: Impianto pasta abrasiva | G5: Se presente impianto pasta abrasiva | H5: Zona di pulitura con impianto della pasta abrasiva | I5: Normale; manutenzione. | J5: 6.1 Pericoli generati da materiali e sostanze trattate, utilizzate o scaricate dalla macchina 6.2 Pericoli da contatto o inalazione di fluidi dannosi, gas, nebbie, fumi e polveri che hanno effetto dannoso, tossico, corrosivo e/o irritante | K5: 2 | L5: 5 | M5: 2 | N5: 3 | O5: =IF(COUNT(L5:N5)=3,SUM(L5:N5),"") -> 10 | P5: =IF(OR(K5="",O5=""),"",INDEX(Metodo!$C$6:$G$9,MATCH(K5,Metodo!$B$6:$B$9,0),MATCH(O5,Metodo!$C$5:$G$5,1))) -> Suggerite | Q5: L’Impianto di smerigliatura e lucidatura rubinetteria viene progettato per eseguire in modo automatico le operazioni di smerigliatura e successivamente di pulitura di componenti di rubinetteria in lega di ottone. La zona di pulitura dell'impianto sarà dotata di impianto per la pasta abrasiva, necessario per eseguire le operazioni di pulitura. L'impianto della pasta abrasiva sarà realizzato principalmente con componenti di commercio, come i serbatoi con pompa pneumatica di mandata e le pistole spruzzatrici. Saranno presenti: - una pistola spruzzatrice su ciascuna unità di lucidatura CNC; - nr. 2 serbatoi (silos) per contenere due tipologie di pasta abrasiva; - circuiti di alimentazione (singolo o doppio) per tutte le pistole spruzzatrici. Per la tipologia di pasta abrasiva che verrà utilizzata sull’impianto, questa verrà scelta dall’utilizzatore, in base alle specifiche esigenze produttive. Durante il funzionamento dell'impianto, quindi, verrà spruzzata pasta abrasiva sulle spazzole di lucidatura. Anche se la zona di pulitura verrà predisposta con punti di captazione localizzati (sulle cuffie delle unità di lucidatura CNC) da collegare ad un impianto di aspirazione (vedere RESS 1.5.13), il mix di sostanze formate dal materiale lucidato e dalle paste abrasive, potranno depositarsi sulle superfici delle parti dell'impianto e della zona circoscritta (visto l'alto livello di umidità della pasta). La cabina di protezione della zona di pulitura, quindi, permetterà il contenimento delle sostanze, ed eviterà che queste vengano disperse nell'ambiente. A misura di protezione si daranno indicazioni nelle istruzioni di eseguire frequentemente la pulizia della zona di pulitura dell'impianto. Vedere gli "schemi dell'impianto pasta" del Fascicolo Tecnico. | R5: Nelle istruzioni dell'impianto si riporterà di ottemperare alle avvertenze indicate nelle schede tecniche delle paste abrasive in uso. | S5: 2 | T5: 4 | U5: 1 | V5: 1 | W5: =IF(COUNT(T5:V5)=3,SUM(T5:V5),"") -> 6 | X5: =IF(OR(S5="",W5=""),"",INDEX(Metodo!$C$6:$G$9,MATCH(S5,Metodo!$B$6:$B$9,0),MATCH(W5,Metodo!$C$5:$G$5,1))) -> OK | Y5: Norme A: EN ISO 12100 | Norme: ISO/TR 14121-2
A6: LIB-005 | B6: 1.1.4 | C6: Illuminazione | D6: VRQ-001 | E6: Impianto | F6: Generale impianto | G6: Sempre | H6: Tutte le zone dell'impianto | I6: Normale; manutenzione; regolazione / attrezzamento; programmazione; sblocco anomalie. | J6: 9.2.1 Pericoli provocati da inadeguata illuminazione locale | K6: 2 | L6: 5 | M6: 3 | N6: 3 | O6: =IF(COUNT(L6:N6)=3,SUM(L6:N6),"") -> 11 | P6: =IF(OR(K6="",O6=""),"",INDEX(Metodo!$C$6:$G$9,MATCH(K6,Metodo!$B$6:$B$9,0),MATCH(O6,Metodo!$C$5:$G$5,1))) -> Richieste | Q6: L'impianto viene progettato per funzionare in un ambiente industriale coperto. Per quanto riguarda lo spazio intorno all'impianto, dove l'operatore transiterà e stazionerà, verranno date informazioni mediante le istruzioni: l'utilizzatore dovrà garantire un ambiente dove l'impianto verrà installato con una illuminazione sufficiente. Per quanto riguarda lo spazio circoscritto delle cabine di protezione, all'interno della zona di smerigliatura e della zona di pulitura, saranno presenti delle lampade di illuminazione, in grado di illuminare efficacemente tutte le parti della zona. Dove sarà prevista una frequente ispezione e regolazione verrà garantire un'illuminazione di almeno 500 lux. | R6: Sul manuale di istruzioni si riporterà l'obbligo di installare l'impianto in un ambiente sufficientemente illuminato. | S6: 2 | T6: 4 | U6: 1 | V6: 1 | W6: =IF(COUNT(T6:V6)=3,SUM(T6:V6),"") -> 6 | X6: =IF(OR(S6="",W6=""),"",INDEX(Metodo!$C$6:$G$9,MATCH(S6,Metodo!$B$6:$B$9,0),MATCH(W6,Metodo!$C$5:$G$5,1))) -> OK | Y6: Norme A: EN ISO 12100 Norme B: EN 1837 | Norme: ISO/TR 14121-2
A7: LIB-006 | B7: 1.1.5 | C7: Progettazione della macchina ai fini della movimentazione | D7: VRQ-001 | E7: Impianto | F7: Generale impianto | G7: Sempre | H7: Tutte le zone al di sotto e/o in prossimità di un elemento dell'impianto durante le operazioni di movimentazione | I7: Trasporto; Installazione; Smantellamento. | J7: 1.1.1 Pericolo di schiacciamento 1.1.6 Pericolo di urto 1.2.3 Massa e stabilità (energia potenziale di elementi che possono spostarsi sotto l'effetto della gravità) | K7: 3 | L7: 2 | M7: 4 | N7: 5 | O7: =IF(COUNT(L7:N7)=3,SUM(L7:N7),"") -> 11 | P7: =IF(OR(K7="",O7=""),"",INDEX(Metodo!$C$6:$G$9,MATCH(K7,Metodo!$B$6:$B$9,0),MATCH(O7,Metodo!$C$5:$G$5,1))) -> Richieste | Q7: Tutti gli elementi dell'impianto potranno essere sollevati e/o movimentati mediante un dispositivo di sollevamento dall'alto o anche, in alcuni casi, con un carrello elevatore. Vengono date informazioni nelle istruzioni. In ogni caso, l'operazione di trasporto e movimentazione sarà effettuata esclusivamente dal personale preposto e autorizzato. Vedere gli "schemi di sollevamento" alla sezione "Disegni di dettaglio" del fascicolo tecnico. | R7: Le istruzioni dell'impianto riporteranno: - Le masse degli elementi che formano l'impianto; - I disegni per il loro sollevamento; - Indicazioni sul corretto trasporto e movimentazione. | S7: 3 | T7: 2 | U7: 1 | V7: 1 | W7: =IF(COUNT(T7:V7)=3,SUM(T7:V7),"") -> 4 | X7: =IF(OR(S7="",W7=""),"",INDEX(Metodo!$C$6:$G$9,MATCH(S7,Metodo!$B$6:$B$9,0),MATCH(W7,Metodo!$C$5:$G$5,1))) -> OK | Y7: Norme A: EN ISO 12100 Norme B: EN 1005-2; EN 1005-4 | Norme: ISO/TR 14121-2
A8: LIB-007 | B8: 1.1.6 | C8: Ergonomia | D8: VRQ-001 | E8: Impianto | F8: Generale impianto | G8: Sempre | H8: Tutte le postazioni di lavoro per l'operatore | I8: Normale; manutenzione; regolazione / attrezzamento. | J8: 9.1.1 Pericoli provocati da posizioni insalubri 9.1.3 Pericoli provocati da inadeguata progettazione o identificazione dei comandi manuali 9.2.2 Pericoli provocati da eccessivo o scarso impegno mentale, tensione 9.3.1 Pericoli provocati da errore umano, comportamento umano | K8: 2 | L8: 5 | M8: 2 | N8: 3 | O8: =IF(COUNT(L8:N8)=3,SUM(L8:N8),"") -> 10 | P8: =IF(OR(K8="",O8=""),"",INDEX(Metodo!$C$6:$G$9,MATCH(K8,Metodo!$B$6:$B$9,0),MATCH(O8,Metodo!$C$5:$G$5,1))) -> Suggerite | Q8: L’Impianto di smerigliatura e lucidatura rubinetteria viene progettato per eseguire in modo automatico le operazioni di smerigliatura e, successivamente, di pulitura di componenti di rubinetteria. L'impianto sarà realizzato con due zone di lavoro, di smerigliatura e di pulitura, ognuna con una propria cabina di protezione e fonti di alimentazione. Per l'impiego dell'impianto sarà previsto un corridoio di transito di almeno 1000 mm intorno alle cabine di protezione, aumentato a circa 2000 mm in corrispondenza delle postazioni di conduzione per l'operatore (di fronte ai pannelli di controllo, stazioni di carico e di scarico). Una volta eseguite le regolazioni preliminari, la produzione verrà eseguita con ciclo di lavoro in modalità automatica. Durante il normale funzionamento dell'impianto, l'operatore stazionerà all'esterno delle cabine di protezione, di fronte ai quadri elettrici principali o in corrispondenza della zona di carico/scarico dei pezzi. Quando necessario, si porterà in zona di carico per il rifornimento dei pezzi da lavorare nella zona di smerigliatura. I dispositivi di comando verranno posizionati ad un'altezza compresa fra i 600 e i 1700 mm dal pavimento. I pallet porta-pezzi della stazione di carico della zona di smerigliatura, che dovranno essere riempiti manualmente dall'operatore saranno ad un'altezza dal pavimento non inferiore agli 800 mm. Il tappeto del trasportatore di scarico della zona di smerigliatura sarà ad un'altezza dal pavimento di circa 1100 mm. I gruppi porta-pezzo della tavola rotante della zona di pulitura, quando in posizione di riposo (e quindi quella prevista in corrispondenza della posizione di carico/scarico), avranno la pinza porta-pezzo ad un'altezza di circa 1100 mm. Il varco per il carico/scarico dei pezzi sulla tavola rotante, da cui l'operatore dovrà introdurre le mani ed eseguire le operazioni di carico e scarico dei pezzi sarà della dimensione utile per eseguire in modo ergonomico il compito. Da quanto sopra riportato non si rilevano particolari problematiche concernenti l’ergonomia considerando anche che il ritmo di lavoro non è condizionato dalla macchina (ad es. non occorre fermare il ciclo di lavoro automatico per il rifornimento dei pezzi o per lo scarico) e che non è richiesta una concentrazione prolungata nel controllo dell'impianto da parte dell'operatore addetto alla conduzione. Opportune segnalazioni indicheranno lo stato delle due zone di lavoro. Vedere le sezioni Disegni del fascicolo tecnico. | R8: Nelle istruzioni dell'impianto verranno indicate: - Le dimensioni minime dello spazio necessario all'impianto per il suo corretto funzionamento, che devono essere garantite in fase di installazione. | S8: 2 | T8: 3 | U8: 1 | V8: 1 | W8: =IF(COUNT(T8:V8)=3,SUM(T8:V8),"") -> 5 | X8: =IF(OR(S8="",W8=""),"",INDEX(Metodo!$C$6:$G$9,MATCH(S8,Metodo!$B$6:$B$9,0),MATCH(W8,Metodo!$C$5:$G$5,1))) -> OK | Y8: Norme A: EN ISO 12100 Norme B: EN 1005-2; EN 1005-3; EN 1005-4; EN 1005-5; EN 614-1; EN 614-2; EN 547-3; EN 894-1; EN 894-2; EN 894-3; EN 894-4; EN ISO 13732-1; EN ISO 13732-3; EN ISO 7731; EN ISO 14738; EN ISO 15536-1 | Norme: ISO/TR 14121-2
A9: LIB-008 | B9: 1.2.1 | C9: Sicurezza ed affidabilità dei sistemi di comando | D9: VRQ-001 | E9: Impianto | F9: Sistema di comando | G9: Sempre | H9: Tutte le parti mobili e attive dell'impianto | I9: Normale; programmazione; regolazione / attrezzamento; regolazione. | J9: 1.2.2 Posizione relativa (può generare zone di schiacciamento, di cesoiamento, di impigliamento, ecc. quando le parti sono in movimento) 7.2.9 Guasto o disfunzione nel sistema di comando (avviamento inatteso, fuorigiri inatteso) 7.2.10 Guasto nel circuito di comando | K9: 3 | L9: 5 | M9: 3 | N9: 5 | O9: =IF(COUNT(L9:N9)=3,SUM(L9:N9),"") -> 13 | P9: =IF(OR(K9="",O9=""),"",INDEX(Metodo!$C$6:$G$9,MATCH(K9,Metodo!$B$6:$B$9,0),MATCH(O9,Metodo!$C$5:$G$5,1))) -> Richieste | Q9: L’Impianto di smerigliatura e lucidatura rubinetteria viene progettato per eseguire in modo automatico le operazioni di smerigliatura e, successivamente, di pulitura di componenti di rubinetteria. L'impianto sarà realizzato con due zone di lavoro, di smerigliatura e di pulitura, ognuna con una propria cabina di protezione e fonti di alimentazione. L’impianto sarà quindi dotato, per ciascuna zona, di un sistema di comando e controllo che gestisce dispositivi o apparecchiature elettriche e pneumatiche della propria zona. Le seguenti parti del sistema di comando svolgeranno funzioni di sicurezza: - Arresto di emergenza - PLr=d (vedere RESS 1.2.4.3); - Arresto legato alla sicurezza avviato da un mezzo di protezione (interblocco di un riparo mobile) - PLr=d (vedere RESS 1.3.7, 1.4.1 e 1.4.2.2); - Arresto legato alla sicurezza avviato da un mezzo di protezione (barriera fotoelettrica) - PLr=d (vedere RESS 1.3.7, 1.4.1 e 1.4.3); - Ripristino manuale - PLr=d (vedere RESS 1.2.2 e 1.2.3); - Avvio/riavvio - PLr=d (vedere RESS 1.2.2 e 1.2.3); - Dispositivo di consenso - interruttore di abilitazione "uomo morto" a 3 posizioni su ciascun terminale portatile - PLr=d (vedere RESS 1.2.5); - Modalità di comando - PLr=d (vedere RESS 1.2.5). Tutte le funzioni di sicurezza sopra descritte verranno realizzate con componenti e un’architettura tale da ottenere o superare il Performance Level richiesto (PLr). Vedere la "Relazione sistemi di comando legati alla sicurezza secondo EN ISO 13849-1/-2" nella sezione "Analisi per la sicurezza" del Fascicolo Tecnico. Tutte le apparecchiature utilizzate saranno adatte agli ambienti industriali e inserite all'interno di un armadio in carpenteria metallica. Inoltre, e per una maggior sicurezza: - Tutti i cablaggi relativi ai segnali analogici verranno realizzati con cavi schermati (salvo che il costruttore del prodotto non lo richieda); - Le apparecchiature di potenza ed i relativi cablaggi verranno, per quanto possibile, separati dalle apparecchiature elettroniche di comando o di sicurezza; - Tutte le parti metalliche strutturali del quadro elettrico e le apparecchiature che lo prevedono verranno collegate al circuito equipotenziale di terra; - Una delle due fasi di alimentazione del circuito ausiliario verrà collegata al circuito equipotenziale. L'impianto NON utilizzerà di dispositivi senza cavo. | S9: 3 | T9: 2 | U9: 1 | V9: 1 | W9: =IF(COUNT(T9:V9)=3,SUM(T9:V9),"") -> 4 | X9: =IF(OR(S9="",W9=""),"",INDEX(Metodo!$C$6:$G$9,MATCH(S9,Metodo!$B$6:$B$9,0),MATCH(W9,Metodo!$C$5:$G$5,1))) -> OK | Y9: Norme A: EN ISO 12100 Norme B: EN ISO 13849-1; IEC/EN 62061; EN 60204-1 | Norme: ISO/TR 14121-2
A10: LIB-009 | B10: 1.2.2 | C10: Dispositivi di comando | D10: VRQ-001 | E10: Impianto | F10: Sistema di comando | G10: Sempre | H10: Parti mobili e attive dell'impianto | I10: Normale; programmazione; sblocco anomalie. | J10: 7.2.10 Guasto nel circuito di comando 9.1.3 Pericoli provocati da inadeguata progettazione o identificazione dei comandi manuali 9.1.6 Posizionamento inadeguato degli organi di comando manuali | K10: 2 | L10: 5 | M10: 2 | N10: 3 | O10: =IF(COUNT(L10:N10)=3,SUM(L10:N10),"") -> 10 | P10: =IF(OR(K10="",O10=""),"",INDEX(Metodo!$C$6:$G$9,MATCH(K10,Metodo!$B$6:$B$9,0),MATCH(O10,Metodo!$C$5:$G$5,1))) -> Suggerite | Q10: L’Impianto di smerigliatura e lucidatura rubinetteria viene progettato per eseguire in modo automatico le operazioni di smerigliatura e, successivamente, di pulitura di componenti di rubinetteria. L'impianto sarà realizzato con due zone di lavoro, di smerigliatura e di pulitura, ognuna con una propria cabina di protezione e fonti di alimentazione. L’impianto sarà quindi dotato, per ciascuna zona, di sistema di comando. La zona di smerigliatura sarà equipaggiata con: - Un quadro elettrico di alimentazione; - Un pannello operatore di interfaccia uomo-macchina; - Un quadro controller con terminale di programmazione del robot A; - Un quadro controller con terminale di programmazione del robot B; - Un quadro controller con terminale di programmazione del robot C; - Una pulsantiera di comando locale in corrispondenza della stazione di carico; - Una pulsantiera di comando locale in corrispondenza del trasportatore di scarico; - Una pulsantiera di comando locale del primo dispositivo di scambio robot (all'interno della cabina); - Una pulsantiera di comando locale del secondo dispositivo di scambio robot (all'interno della cabina); - Una serie di pulsanti di emergenza dislocati in vari punti dell'impianto anche all'interno della cabina di protezione (vedere RESS 1.2.4.3). La zona di pulitura sarà equipaggiata con: - Un quadro elettrico di alimentazione; - Un pannello operatore di interfaccia uomo-macchina; - Un pannello operatore mobile; - Un pedale di comando in corrispondenza della stazione di carico/scarico; - Una serie di pulsanti di emergenza dislocati in vari punti all'interno della cabina di protezione (vedere RESS 1.2.4.3). Per quanto riguarda i terminali portatili (di ciascun robot della zona di smerigliatura e quello dedicato alla zona di pulitura), questi saranno componenti di commercio. In generale: - Tutti i dispositivi di comando saranno posti in un involucro per parti elettriche adatto all’ambiente di utilizzo. - L'altezza da terra dei dispositivi di comando sarà compresa fra i 600 e i 1700 mm dal pavimento. - Tutti i dispositivi di comando e segnalazione avranno un'etichetta con riportata la funzione e la zona controllata. - I dispositivi di comando posti sulle varie pulsantiere saranno quelli utili alle operazioni che l'operatore dovrà svolgere in tale postazione. - I quadri elettrici delle due zone saranno posti ciascuno in corrispondenza della propria zona (accostati alla cabina di protezione). - Qualora i quadri elettrici avranno dispositivi di comando necessari all'avviamento e all'arresto della zona (come il selettore modale e di sblocco porte), essi saranno ubicati in modo da: aver visione della zona interna protetta ed essere di facile accesso. - Quando un dispositivo di comando consentirà varie azioni differenti, vale a dire se la sua azione non è univoca, l'azione comandata sarà chiaramente indicata e, se necessario, confermata. - Gli indicatori di stato delle zone di lavoro saranno ubicati in modo tale che l'operatore addetto alla conduzione dalla sua postazione di lavoro principale (scarico nastro e carico/scarico tavola rotante) possa averne visione. Dalle postazioni principali di conduzione, l'operatore potrà verificare che all'interno delle zone protette non vi siano persone. I comandi di ripristino e di avviamento, quindi, saranno ubicati dove l’operatore avrà una visione chiara e libera dello spazio protetto. Nel caso in cui il layout delle zone di lavoro è tale da consentire ad un operatore di essere nascosto alla vista dalla postazione dove avviene il ripristino e avvio, verranno installati dei dispositivi aggiuntivi di ripristino a tempo limitato all’interno della zona protetta: uno tra le due porte posteriori e uno tra le due porta anteriori. Per il ripristino della macchina sarà necessario premere uno dei due dispositivi di ripristino interni e, subito dopo (entro il lasso di tempo necessario a raggiungerlo) il secondo comando di ripristino esterno. Vedere schemi elettrici all'interno del Fascicolo tecnico. | R10: Nelle istruzioni dell'impianto si riporterà: - la descrizione di ogni dispositivo di comando; - il significato di ogni spia luminosa; - le istruzioni del software (in allegato). | S10: 2 | T10: 5 | U10: 1 | V10: 1 | W10: =IF(COUNT(T10:V10)=3,SUM(T10:V10),"") -> 7 | X10: =IF(OR(S10="",W10=""),"",INDEX(Metodo!$C$6:$G$9,MATCH(S10,Metodo!$B$6:$B$9,0),MATCH(W10,Metodo!$C$5:$G$5,1))) -> OK | Y10: Norme A: EN ISO 12100 Norme B: EN 981; EN 894-1; EN 894-3; EN 894-4 | Norme: ISO/TR 14121-2
A11: LIB-010 | B11: 1.2.3 | C11: Avviamento | D11: VRQ-001 | E11: Impianto | F11: Sistema di comando | G11: Sempre | I11: Normale. | O11: =IF(COUNT(L11:N11)=3,SUM(L11:N11),"") | P11: =IF(OR(K11="",O11=""),"",INDEX(Metodo!$C$6:$G$9,MATCH(K11,Metodo!$B$6:$B$9,0),MATCH(O11,Metodo!$C$5:$G$5,1))) | Q11: L’Impianto di smerigliatura e lucidatura rubinetteria viene progettato per eseguire in modo automatico le operazioni di smerigliatura e, successivamente, di pulitura di componenti di rubinetteria. L'impianto sarà realizzato con due zone di lavoro, di smerigliatura e di pulitura, ognuna con una propria cabina di protezione e fonti di alimentazione. L’impianto sarà quindi dotato, per ciascuna zona, di un sistema di comando e controllo che gestisce dispositivi o apparecchiature elettriche e pneumatiche della propria zona. Vedere la scheda di valutazione VRQ-100 del presente RESS per la zona di smerigliatura. Vedere la scheda di valutazione VRQ-200 del presente RESS per la zona di pulitura. | R11: Nelle istruzioni dell'impianto vengono riportate le procedure per la messa in tensione e l'avviamento dell'impianto. | W11: =IF(COUNT(T11:V11)=3,SUM(T11:V11),"") | X11: =IF(OR(S11="",W11=""),"",INDEX(Metodo!$C$6:$G$9,MATCH(S11,Metodo!$B$6:$B$9,0),MATCH(W11,Metodo!$C$5:$G$5,1))) | Y11: Norme A: EN ISO 12100 Norme B: EN ISO 14118 | Norme: ISO/TR 14121-2 | Z11: Scheda descrittiva, senza stima del rischio.
A12: LIB-011 | B12: 1.2.3 | C12: Avviamento | D12: VRQ-100 | E12: Smerigliatura | F12: Sistema di comando | G12: Sempre | H12: Tutte le parti mobili e attive della zona di smerigliatura | I12: Normale. | J12: 1.2.2 Posizione relativa (può generare zone di schiacciamento, di cesoiamento, di impigliamento, ecc. quando le parti sono in movimento) 7.2.2 Avviamento inatteso | K12: 3 | L12: 5 | M12: 3 | N12: 3 | O12: =IF(COUNT(L12:N12)=3,SUM(L12:N12),"") -> 11 | P12: =IF(OR(K12="",O12=""),"",INDEX(Metodo!$C$6:$G$9,MATCH(K12,Metodo!$B$6:$B$9,0),MATCH(O12,Metodo!$C$5:$G$5,1))) -> Richieste | Q12: ZONA DI SMERIGLIATURA Per abilitare la zona di smerigliatura al funzionamento sarà necessario, dopo la messa in tensione, usare il comando di “RIPRISTINO SMERIGLIATURA”. L’avvenuta abilitazione sarà segnalata dall’accensione della spia integrata nel pulsante stesso. Il ripristino della zona di smerigliatura sarà possibile solo se tutte le porte di accesso alla zona di lavoro di smerigliatura saranno chiuse e bloccate e non vi saranno pulsanti di emergenza di zona premuti. A questo punto, se non ci sono anomalie da resettare e/o parti della zona da azzerare (ovvero da portare nella posizione prevista di inizio ciclo): - con selettore modale su “AUT” e programma o ordine di lavoro caricato sul pannello operatore, sarà possibile avviare il ciclo di lavoro automatico premendo il pulsante “INIZIO CICLO SMERIGLIATURA"; - con selettore modale su "MAN" sarà possibile muovere una specifica stazione di lavoro, attraverso il pannello operatore e appositi dispositivi di comando. Ponendo il selettore modale su "SBLOCCA PORTE", tutte le parti della zona di smerigliatura non potranno attivarsi, e le porte interbloccate verranno sbloccate in modo che l’operatore possa accedere alla zona di smerigliatura. Vedere RESS 1.3.7. Con selettore modale su "SBLOCCA PORTE" sarà possibile utilizzare il terminale portatile di un robot, impostandolo in modalità manuale (tramite selettore a chiave -vedere RESS 1.2.5), per eseguire la programmazione del gruppo di smerigliatura abilitato (tutti gli altri elementi della zona di smerigliatura saranno in arresto sicuro). Vi sarà un unico dispositivo di comando per l'avviamento della zona di smerigliatura. L’avviamento della zona di smerigliatura dovrà essere ri-eseguita ogni volta che si è verificata un’emergenza o grave anomalia o le porte interbloccate sono state sbloccate. Vi sarà un unico dispositivo di comando per il ripristino della zona di smerigliatura, posto in corrispondenza della postazione di comando dove l'operatore potrà avere il controllo dell'intera zona. | S12: 3 | T12: 2 | U12: 1 | V12: 1 | W12: =IF(COUNT(T12:V12)=3,SUM(T12:V12),"") -> 4 | X12: =IF(OR(S12="",W12=""),"",INDEX(Metodo!$C$6:$G$9,MATCH(S12,Metodo!$B$6:$B$9,0),MATCH(W12,Metodo!$C$5:$G$5,1))) -> OK | Y12: Norme A: EN ISO 12100 Norme B: EN ISO 14118 | Norme: ISO/TR 14121-2
A13: LIB-012 | B13: 1.2.3 | C13: Avviamento | D13: VRQ-200 | E13: Pulitura | F13: Sistema di comando | G13: Sempre | H13: Tutte le parti mobili e attive della zona di pulitura | I13: Normale. | J13: 1.2.2 Posizione relativa (può generare zone di schiacciamento, di cesoiamento, di impigliamento, ecc. quando le parti sono in movimento) 7.2.2 Avviamento inatteso | K13: 3 | L13: 5 | M13: 3 | N13: 3 | O13: =IF(COUNT(L13:N13)=3,SUM(L13:N13),"") -> 11 | P13: =IF(OR(K13="",O13=""),"",INDEX(Metodo!$C$6:$G$9,MATCH(K13,Metodo!$B$6:$B$9,0),MATCH(O13,Metodo!$C$5:$G$5,1))) -> Richieste | Q13: ZONA DI PULITURA Per abilitare la zona di pulitura al funzionamento sarà necessario, dopo la messa in tensione, usare il comando di “RIPRISTINO PULITURA”. L’avvenuta abilitazione sarà segnalata dall’accensione della spia integrata nel pulsante stesso. Il ripristino della zona di pulitura sarà possibile solo se tutte le porte di accesso alla zona di lavoro di pulitura saranno chiuse e bloccate, non vi saranno pulsanti di emergenza di zona premuti, la barriera fotoelettrica a protezione del varco di carico/scarico pezzi non sarà violata. A questo punto, se non ci sono anomalie da resettare e/o parti della zona da azzerare (ovvero da portare nella posizione prevista di inizio ciclo): - con selettore modale su “AUT” e programma o ordine di lavoro caricato sul pannello operatore, sarà possibile avviare il ciclo di lavoro automatico premendo il pulsante “INIZIO CICLO PULITURA"; - con selettore modale su "MAN" sarà possibile muovere una specifica stazione di lavoro, attraverso il pannello operatore e appositi dispositivi di comando. Ponendo il selettore modale su "SBLOCCA PORTE", tutte le parti della zona di pulitura non potranno attivarsi, e le porte interbloccate verranno sbloccate in modo che l’operatore possa accedere alla zona di pulitura. Durante il funzionamento, le parti mobili subiranno un immediato arresto. Con selettore modale su "SBLOCCA PORTE" sarà possibile utilizzare il terminale portatile di zona e, una volta inserite le credenziali di utente di alto livello (in possesso a personale specificatamente addestrato), sarà possibile eseguire le operazioni per la programmazione (vedere RESS 1.2.5). Vi sarà un unico dispositivo di comando per l'avviamento della zona di pulitura. L’avviamento della zona di pulitura dovrà essere ri-eseguita ogni volta che si è verificata un’emergenza o grave anomalia o le porte interbloccate sono state sbloccate. Vi sarà un unico dispositivo di comando per il ripristino della zona di pulitura, posto in corrispondenza della postazione di comando dove l'operatore potrà avere il controllo dell'intera zona. | S13: 3 | T13: 2 | U13: 1 | V13: 1 | W13: =IF(COUNT(T13:V13)=3,SUM(T13:V13),"") -> 4 | X13: =IF(OR(S13="",W13=""),"",INDEX(Metodo!$C$6:$G$9,MATCH(S13,Metodo!$B$6:$B$9,0),MATCH(W13,Metodo!$C$5:$G$5,1))) -> OK | Y13: Norme A: EN ISO 12100 Norme B: EN ISO 14118 | Norme: ISO/TR 14121-2
A14: LIB-013 | B14: 1.2.4.1 | C14: Arresto normale | D14: VRQ-001 | E14: Impianto | F14: Sistema di comando | G14: Sempre | I14: Normale. | O14: =IF(COUNT(L14:N14)=3,SUM(L14:N14),"") | P14: =IF(OR(K14="",O14=""),"",INDEX(Metodo!$C$6:$G$9,MATCH(K14,Metodo!$B$6:$B$9,0),MATCH(O14,Metodo!$C$5:$G$5,1))) | Q14: L’Impianto di smerigliatura e lucidatura rubinetteria viene progettato per eseguire in modo automatico le operazioni di smerigliatura e, successivamente, di pulitura di componenti di rubinetteria. L'impianto sarà realizzato con due zone di lavoro, di smerigliatura e di pulitura, ognuna con una propria cabina di protezione e fonti di alimentazione. L’impianto sarà quindi dotato, per ciascuna zona, di un sistema di comando e controllo che gestisce dispositivi o apparecchiature elettriche e pneumatiche della propria zona. Vedere la scheda di valutazione VRQ-100 del presente RESS per la zona di smerigliatura. Vedere la scheda di valutazione VRQ-200 del presente RESS per la zona di pulitura. | W14: =IF(COUNT(T14:V14)=3,SUM(T14:V14),"") | X14: =IF(OR(S14="",W14=""),"",INDEX(Metodo!$C$6:$G$9,MATCH(S14,Metodo!$B$6:$B$9,0),MATCH(W14,Metodo!$C$5:$G$5,1))) | Y14: Norme A: EN ISO 12100 Norme B: EN 60204-1 | Norme: ISO/TR 14121-2 | Z14: Scheda descrittiva, senza stima del rischio.
A15: LIB-014 | B15: 1.2.4.1 | C15: Arresto normale | D15: VRQ-100 | E15: Smerigliatura | F15: Sistema di comando | G15: Sempre | H15: Tutte le parti mobili e attive della zona di smerigliatura | I15: Normale. | J15: 1.2.2 Posizione relativa (può generare zone di schiacciamento, di cesoiamento, di impigliamento, ecc. quando le parti sono in movimento) 1.2.4 Massa e velocità (energia cinetica di elementi in movimento controllato o non controllato) 7.2.3 Mancato arresto, se il comando è già stato dato | K15: 2 | L15: 5 | M15: 3 | N15: 3 | O15: =IF(COUNT(L15:N15)=3,SUM(L15:N15),"") -> 11 | P15: =IF(OR(K15="",O15=""),"",INDEX(Metodo!$C$6:$G$9,MATCH(K15,Metodo!$B$6:$B$9,0),MATCH(O15,Metodo!$C$5:$G$5,1))) -> Richieste | Q15: La zona di smerigliatura avrà dispositivi di comando per l'arresto del ciclo di lavoro della zona, in corrispondenza di tutte le postazioni di conduzione dell'operatore (quadro elettrico, pulsantiera a fine trasportatore di scarico, ecc.) Una volta dato il comando di arresto, tutte le stazioni di lavoro della zona di smerigliatura termineranno la fase lavorativa in corso e si porteranno in posizione di zero, in modo che il ciclo possa essere ripreso immediatamente con il pulsante "INIZIO CICLO", se le condizioni originali non vengono alterate. | R15: Nelle istruzioni dell'impianto verranno date indicazioni sulle modalità di arresto. | S15: 2 | T15: 2 | U15: 1 | V15: 1 | W15: =IF(COUNT(T15:V15)=3,SUM(T15:V15),"") -> 4 | X15: =IF(OR(S15="",W15=""),"",INDEX(Metodo!$C$6:$G$9,MATCH(S15,Metodo!$B$6:$B$9,0),MATCH(W15,Metodo!$C$5:$G$5,1))) -> OK | Y15: Norme A: EN ISO 12100 Norme B: EN 60204-1 | Norme: ISO/TR 14121-2
A16: LIB-015 | B16: 1.2.4.1 | C16: Arresto normale | D16: VRQ-200 | E16: Pulitura | F16: Sistema di comando | G16: Sempre | H16: Tutte le parti mobili e attive della zona di pulitura | I16: Normale. | J16: 1.2.2 Posizione relativa (può generare zone di schiacciamento, di cesoiamento, di impigliamento, ecc. quando le parti sono in movimento) 1.2.4 Massa e velocità (energia cinetica di elementi in movimento controllato o non controllato) 7.2.3 Mancato arresto, se il comando è già stato dato | K16: 2 | L16: 5 | M16: 3 | N16: 3 | O16: =IF(COUNT(L16:N16)=3,SUM(L16:N16),"") -> 11 | P16: =IF(OR(K16="",O16=""),"",INDEX(Metodo!$C$6:$G$9,MATCH(K16,Metodo!$B$6:$B$9,0),MATCH(O16,Metodo!$C$5:$G$5,1))) -> Richieste | Q16: La zona di pulitura avrà dispositivi di comando per l'arresto del ciclo di lavoro della zona, in corrispondenza di tutte le postazioni di conduzione dell'operatore (pannello di comando sulla postazione di carico/scarico, ecc.). Una volta dato il comando, tutte le stazioni di lavoro della zona di pulitura termineranno la fase lavorativa in corso e si porteranno in posizione di zero, in modo che il ciclo possa essere ripreso immediatamente con il pulsante "INIZIO CICLO", se le condizioni originali non vengono alterate. | R16: Nelle istruzioni dell'impianto verranno date indicazioni sulle modalità di arresto. | S16: 2 | T16: 2 | U16: 1 | V16: 1 | W16: =IF(COUNT(T16:V16)=3,SUM(T16:V16),"") -> 4 | X16: =IF(OR(S16="",W16=""),"",INDEX(Metodo!$C$6:$G$9,MATCH(S16,Metodo!$B$6:$B$9,0),MATCH(W16,Metodo!$C$5:$G$5,1))) -> OK | Y16: Norme A: EN ISO 12100 Norme B: EN 60204-1 | Norme: ISO/TR 14121-2
A17: LIB-016 | B17: 1.2.4.3 | C17: Arresto di emergenza | D17: VRQ-001 | E17: Impianto | F17: Sistema di comando | G17: Sempre | I17: Normale; manutenzione; programmazione; regolazione. | O17: =IF(COUNT(L17:N17)=3,SUM(L17:N17),"") | P17: =IF(OR(K17="",O17=""),"",INDEX(Metodo!$C$6:$G$9,MATCH(K17,Metodo!$B$6:$B$9,0),MATCH(O17,Metodo!$C$5:$G$5,1))) | Q17: L’Impianto di smerigliatura e lucidatura rubinetteria viene progettato per eseguire in modo automatico le operazioni di smerigliatura e, successivamente, di pulitura di componenti di rubinetteria. L'impianto sarà realizzato con due zone di lavoro, di smerigliatura e di pulitura, ognuna con una propria cabina di protezione e fonti di alimentazione. L’impianto sarà quindi dotato, per ciascuna zona, di un sistema di comando e controllo che gestisce dispositivi o apparecchiature elettriche e pneumatiche della propria zona. Vedere la scheda di valutazione VRQ-100 del presente RESS per la zona di smerigliatura. Vedere la scheda di valutazione VRQ-200 del presente RESS per la zona di pulitura. | W17: =IF(COUNT(T17:V17)=3,SUM(T17:V17),"") | X17: =IF(OR(S17="",W17=""),"",INDEX(Metodo!$C$6:$G$9,MATCH(S17,Metodo!$B$6:$B$9,0),MATCH(W17,Metodo!$C$5:$G$5,1))) | Y17: Norme A: EN ISO 12100 Norme B: EN ISO 13850; EN 60947-5-5; EN 60204-1 | Norme: ISO/TR 14121-2 | Z17: Scheda descrittiva, senza stima del rischio.
A18: LIB-017 | B18: 1.2.4.3 | C18: Arresto di emergenza | D18: VRQ-100 | E18: Smerigliatura | F18: Sistema di comando | G18: Sempre | H18: Tutte le parti mobili e attive della zona di smerigliatura | I18: Normale; manutenzione; programmazione; regolazione / attrezzamento. | J18: 1.1.1 Pericolo di schiacciamento 1.1.2 Pericolo di cesoiamento 1.1.3 Pericolo di taglio o di sezionamento 1.1.4 Pericolo di impigliamento 1.1.5 Pericolo di trascinamento o d'intrappolamento 1.1.6 Pericolo di urto 1.1.8 Pericolo di attrito o di abrasione 1.2.2 Posizione relativa (può generare zone di schiacciamento, di cesoiamento, di impigliamento, ecc. quando le parti sono in movimento) | K18: 3 | L18: 4 | M18: 3 | N18: 5 | O18: =IF(COUNT(L18:N18)=3,SUM(L18:N18),"") -> 12 | P18: =IF(OR(K18="",O18=""),"",INDEX(Metodo!$C$6:$G$9,MATCH(K18,Metodo!$B$6:$B$9,0),MATCH(O18,Metodo!$C$5:$G$5,1))) -> Richieste | Q18: ZONA DI SMERIGLIATURA La zona di smerigliatura sarà dotata di diversi pulsanti di arresto di emergenza, ubicati in corrispondenza della pulsantiera/quadro da cui è possibile l'avviamento di zona, sulla pulsantiera di comando della postazione di carico pallet, su ciascun terminale portatile e su ogni smerigliatrice a nastro (all'interno della zona protetta). I pulsanti di emergenza saranno ad autoritenuta, di colore rosso su fondo giallo (per quanto possibile). Premendo un pulsante di emergenza, tutte le parti della zona di smerigliatura si arresteranno immediatamente e le porte di accesso alla zona di lavoro di smerigliatura verranno sbloccate. In questa condizione il circuito pneumatico non verrà scaricato dalla pressione, anche per garantire che i nastri abrasivi nelle smerigliatrici rimangano in posizione tesa, e che siano mantenuti i comandi delle pinze di presa dei pezzi. Il ripristino del pulsante di emergenza premuto non comporterà alcun movimento o avviamento. A seguito di un'emergenza sarà necessario ripetere la procedura di avviamento della zona di smerigliatura ripristinando la sicurezza con l'apposito comando di ripristino manuale (vedere RESS 1.2.3). La funzione dei pulsanti di arresto di emergenza sarà sempre disponibile qualsiasi sia la modalità di funzionamento della zona di smerigliatura. I pulsanti di emergenza, insieme al relativo circuito di comando, realizzano una funzione di sicurezza. Vedere la sezione "Schemi circuitali" del fascicolo tecnico. | R18: Nelle istruzioni dell'impianto sarà riportata l'ubicazione dei pulsanti di arresto di emergenza della zona di smerigliatura. | S18: 3 | T18: 2 | U18: 1 | V18: 1 | W18: =IF(COUNT(T18:V18)=3,SUM(T18:V18),"") -> 4 | X18: =IF(OR(S18="",W18=""),"",INDEX(Metodo!$C$6:$G$9,MATCH(S18,Metodo!$B$6:$B$9,0),MATCH(W18,Metodo!$C$5:$G$5,1))) -> OK | Y18: Norme A: EN ISO 12100 Norme B: EN ISO 13850; EN 60947-5-5; EN 60204-1 | Norme: ISO/TR 14121-2
A19: LIB-018 | B19: 1.2.4.3 | C19: Arresto di emergenza | D19: VRQ-200 | E19: Pulitura | F19: Sistema di comando | G19: Sempre | H19: Tutte le parti mobili e attive della zona di pulitura | I19: Normale; manutenzione; programmazione; regolazione / attrezzamento. | J19: 1.1.1 Pericolo di schiacciamento 1.1.2 Pericolo di cesoiamento 1.1.3 Pericolo di taglio o di sezionamento 1.1.4 Pericolo di impigliamento 1.1.5 Pericolo di trascinamento o d'intrappolamento 1.1.6 Pericolo di urto 1.1.8 Pericolo di attrito o di abrasione 1.2.2 Posizione relativa (può generare zone di schiacciamento, di cesoiamento, di impigliamento, ecc. quando le parti sono in movimento) | K19: 3 | L19: 4 | M19: 3 | N19: 5 | O19: =IF(COUNT(L19:N19)=3,SUM(L19:N19),"") -> 12 | P19: =IF(OR(K19="",O19=""),"",INDEX(Metodo!$C$6:$G$9,MATCH(K19,Metodo!$B$6:$B$9,0),MATCH(O19,Metodo!$C$5:$G$5,1))) -> Richieste | Q19: ZONA DI PULITURA La zona di pulitura sarà dotata di diversi pulsanti di arresto di emergenza, ubicati in corrispondenza della pulsantiera/quadro da cui è possibile l'avviamento di zona, in corrispondenza della postazione di carico/scarico pezzi, sul terminale portatile e all'interno della zona di pulitura, in prossimità di ciascuna unità CNC. I pulsanti di emergenza saranno ad autoritenuta, di colore rosso su fondo giallo (per quanto possibile). Premendo un pulsante di emergenza, tutte le parti della zona di pulitura si arresteranno e le porte di accesso alla zona di lavoro di pulitura verranno sbloccate. In questa condizione il circuito pneumatico non verrà scaricato dalla pressione per mantenere in presa i pezzi sulle pinze ad azione positiva. Il ripristino del pulsante di emergenza premuto non comporterà alcun movimento o avviamento. A seguito di un'emergenza sarà necessario ripetere la procedura di avviamento della zona di pulitura ripristinando la sicurezza con l'apposito comando di ripristino manuale (vedere RESS 1.2.3). La funzione dei pulsanti di arresto di emergenza sarà sempre disponibile qualsiasi sia la modalità di funzionamento della zona di pulitura. I pulsanti di emergenza, insieme al relativo circuito di comando, realizzano una funzione di sicurezza. Vedere la sezione "Schemi circuitali" del fascicolo tecnico. | S19: 3 | T19: 2 | U19: 1 | V19: 1 | W19: =IF(COUNT(T19:V19)=3,SUM(T19:V19),"") -> 4 | X19: =IF(OR(S19="",W19=""),"",INDEX(Metodo!$C$6:$G$9,MATCH(S19,Metodo!$B$6:$B$9,0),MATCH(W19,Metodo!$C$5:$G$5,1))) -> OK | Y19: Norme A: EN ISO 12100 Norme B: EN ISO 13850; EN 60947-5-5; EN 60204-1 | Norme: ISO/TR 14121-2
A20: LIB-019 | B20: 1.2.5 | C20: Selezione del modo di comando o di funzionamento | D20: VRQ-001 | E20: Impianto | F20: Sistema di comando | G20: Sempre | I20: Normale; sblocco anomalie; regolazione / attrezzamento; programmazione. | O20: =IF(COUNT(L20:N20)=3,SUM(L20:N20),"") | P20: =IF(OR(K20="",O20=""),"",INDEX(Metodo!$C$6:$G$9,MATCH(K20,Metodo!$B$6:$B$9,0),MATCH(O20,Metodo!$C$5:$G$5,1))) | Q20: L’Impianto di smerigliatura e lucidatura rubinetteria viene progettato per eseguire in modo automatico le operazioni di smerigliatura e, successivamente, di pulitura di componenti di rubinetteria. L'impianto sarà realizzato con due zone di lavoro, di smerigliatura e di pulitura, ognuna con una propria cabina di protezione e fonti di alimentazione. Vedere la scheda di valutazione VRQ-100 del presente RESS per la zona di smerigliatura. Vedere la scheda di valutazione VRQ-200 del presente RESS per la zona di pulitura. | W20: =IF(COUNT(T20:V20)=3,SUM(T20:V20),"") | X20: =IF(OR(S20="",W20=""),"",INDEX(Metodo!$C$6:$G$9,MATCH(S20,Metodo!$B$6:$B$9,0),MATCH(W20,Metodo!$C$5:$G$5,1))) | Y20: Norme A: EN ISO 12100 Norme B: EN ISO 13849-1; EN 62061; EN 60204-1 | Norme: ISO/TR 14121-2 | Z20: Scheda descrittiva, senza stima del rischio.
A21: LIB-020 | B21: 1.2.5 | C21: Selezione del modo di comando o di funzionamento | D21: VRQ-100 | E21: Smerigliatura | F21: Sistema di comando | G21: Sempre | H21: Tutte le parti mobili e attive della zona di smerigliatura | I21: Normale; programmazione; regolazione / attrezzamento; sblocco anomalie. | J21: 1.1.1 Pericolo di schiacciamento 1.1.2 Pericolo di cesoiamento 1.1.3 Pericolo di taglio o di sezionamento 1.1.4 Pericolo di impigliamento 1.1.5 Pericolo di trascinamento o d'intrappolamento 1.1.6 Pericolo di urto 1.1.8 Pericolo di attrito o di abrasione 1.2.2 Posizione relativa (può generare zone di schiacciamento, di cesoiamento, di impigliamento, ecc. quando le parti sono in movimento) | K21: 3 | L21: 5 | M21: 3 | N21: 5 | O21: =IF(COUNT(L21:N21)=3,SUM(L21:N21),"") -> 13 | P21: =IF(OR(K21="",O21=""),"",INDEX(Metodo!$C$6:$G$9,MATCH(K21,Metodo!$B$6:$B$9,0),MATCH(O21,Metodo!$C$5:$G$5,1))) -> Richieste | Q21: ZONA DI SMERIGLIATURA La selezione del modo di funzionamento avrà la priorità su tutti gli altri comandi, salvo l’arresto d’emergenza. La selezione del modo di funzionamento sarà mediante selettori a chiave. - Modo AUTOMATICO: la zona di smerigliatura funzionerà seguendo l’ordine di lavoro (programma) impostato sull’interfaccia operatore. Il funzionamento in AUTOMATICO sarà consentito sole se tutte le porte interbloccate della cabina della zona di smerigliatura saranno chiuse e se non saranno presenti condizioni di allarme. Il modo AUTOMATICO sarà quello usato per la produzione. - Modo MANUALE: la zona di smerigliatura non potrà operare a livello produttivo. Una volta richiamata la pagina specifica di una stazione di lavoro della zona di smerigliatura, sarà possibile eseguire una singola movimentazione. Il funzionamento in MANUALE sarà consentito solo se tutte le porte interbloccate della cabina della zona di smerigliatura saranno chiuse e se non saranno presenti condizioni di allarme. Il modo MANUALE sarà usato per l'azzeramento delle stazioni di lavoro, sblocco anomalie, o riposizionamento in condizioni utili per partire con la produzione. - Modo TEST (SBLOCCA PORTE), che consentirà: - di accedere alla zona di lavoro per eseguire la sostituzione degli utensili o le regolazioni necessarie per cambio codice prodotto da lavorare, in quanto le porte di accesso alla zona di lavoro sono sbloccate e tutte le utenze elettriche sono in arresto sicuro (in questa condizione il circuito pneumatico non viene scaricato dalla pressione). Non è previsto l'uso del terminale portatile dei robot; - (in associazione alla modalità operativa di uno dei robot) la programmazione di una ricetta con il terminale portatile di uno dei robot. Solo per operatori qualificati alla programmazione dei robot e dei gruppi di smerigliatura. Quando il selettore modale è su “SBLOCCA PORTE”, tutte le porte interbloccate di accesso alla zona di lavoro di smerigliatura saranno sbloccate e una volta impostata la modalità manuale del robot con cui si intende operare, sarà possibile utilizzare il relativo terminale portatile, stando all'interno della cabina di protezione della zona di smerigliatura (porte sbloccate) e con la possibilità di osservare la posizione delle utenze. Il selettore modale dei robot sarà quello del quadro controller e quindi di commercio. I robot saranno certificati ai sensi della norma EN ISO 10218-1 e quindi i modi di funzionamento e il terminale portatile con il relativo dispositivo di abilitazione “uomo morto” a tre posizioni saranno quelli previsti da norma. In modo TEST (SBLOCCO PORTE di zona + T1 del robot) l'operatore addetto alla programmazione, stando all'interno della zona di lavoro di smerigliatura e con dispositivo di abilitazione premuto, potrà: - Movimentare un solo asse di un solo elemento alla volta del solo gruppo di smerigliatura attivo e a velocità ridotta; - Movimentare il robot antropomorfo ad una velocità ridotta (massimo 250 mm/sec). Quando un robot sarà in modalità manuale gli altri robot e tutte le altre stazioni di lavoro saranno in arresto sicuro. Qualora i robot abbiano la modalità manuale ad alta velocità T2 verranno adottate le ulteriori condizioni di sicurezza indicate al RESS 1.3.7, VRQ-121. Il cambio della modalità di funzionamento durante il ciclo di lavoro automatico comporterà un suo arresto. Lo "SBLOCCO PORTE" comporterà il ripristino manuale e riavviamento del ciclo di lavoro. Si daranno misure di protezione mediante le istruzioni. I selettori modali, insieme al relativo circuito di comando, realizzeranno una funzione di sicurezza. I dispositivi "uomo morto" di abilitazione presenti sui terminali portatili realizzeranno, insieme al relativo circuito di comando, una funzione di sicurezza. | R21: Nelle istruzioni dell’impianto si riporterà: - L’obbligo di portare con sé la chiave del selettore modale quando si accede alla zona di lavoro di smerigliatura. - Quando si accede all’area protetta indossare sempre tutti i dispositivi di protezione individuale previsti. - L’obbligo di consegnare la chiave del selettore modale dei robot al personale qualificato alla programmazione dei robot. - L'avvertenza che solo personale addestrato può utilizzare uno dei terminali portatili per la movimentazione delle parti della zona di smerigliatura all’interno dell’area protetta. - L'avvertenza che, durante le manovre in test, non ci si deve mai posizionare all’interno dello spazio di azione della stazione di lavoro o dei robot. Mantenersi sempre a distanza di sicurezza. - L'avvertenza che, durante i TEST, è necessario porsi al di fuori della potenziale linea di proiezione sia del pezzo in lavorazione (qualora dovesse sfuggire dalla presa della pinza porta-pezza), sia del materiale asportato o degli utensili (nastri abrasivi). | S21: 3 | T21: 4 | U21: 2 | V21: 1 | W21: =IF(COUNT(T21:V21)=3,SUM(T21:V21),"") -> 7 | X21: =IF(OR(S21="",W21=""),"",INDEX(Metodo!$C$6:$G$9,MATCH(S21,Metodo!$B$6:$B$9,0),MATCH(W21,Metodo!$C$5:$G$5,1))) -> Suggerite | Y21: Norme A: EN ISO 12100 Norme B: EN ISO 13849-1; EN 62061; EN 60204-1 | Norme: ISO/TR 14121-2 | Z21: Il rischio finale non è in area verde: verificare se servono altre misure o motivare l'accettazione.
A22: LIB-021 | B22: 1.2.5 | C22: Selezione del modo di comando o di funzionamento | D22: VRQ-200 | E22: Pulitura | F22: Sistema di comando | G22: Sempre | H22: Tutte le parti mobili e attive della zona di pulitura | I22: Normale; programmazione; regolazione / attrezzamento; sblocco anomalie. | J22: 1.1.1 Pericolo di schiacciamento 1.1.2 Pericolo di cesoiamento 1.1.3 Pericolo di taglio o di sezionamento 1.1.4 Pericolo di impigliamento 1.1.5 Pericolo di trascinamento o d'intrappolamento 1.1.6 Pericolo di urto 1.1.8 Pericolo di attrito o di abrasione 1.2.2 Posizione relativa (può generare zone di schiacciamento, di cesoiamento, di impigliamento, ecc. quando le parti sono in movimento) | K22: 3 | L22: 5 | M22: 3 | N22: 5 | O22: =IF(COUNT(L22:N22)=3,SUM(L22:N22),"") -> 13 | P22: =IF(OR(K22="",O22=""),"",INDEX(Metodo!$C$6:$G$9,MATCH(K22,Metodo!$B$6:$B$9,0),MATCH(O22,Metodo!$C$5:$G$5,1))) -> Richieste | Q22: ZONA DI PULITURA La selezione del modo di funzionamento avrà la priorità su tutti gli altri comandi, salvo l’arresto d’emergenza. La selezione del modo di funzionamento sarà mediante un selettore a chiave e password. - Modo AUTOMATICO: la zona di pulitura funzionerà seguendo l’ordine di lavoro (programma) impostato sull’interfaccia operatore. Il funzionamento in AUTOMATICO sarà consentito sole se tutte le porte interbloccate della cabina della zona di pulitura saranno chiuse e se non saranno presenti condizioni di allarme. Il modo AUTOMATICO sarà quello usato per la produzione. - Modo MANUALE: la zona di pulitura non potrà operare a livello produttivo. Una volta richiamata la pagina specifica di una stazione di lavoro della zona di pulitura, sarà possibile eseguire una singola movimentazione. Il funzionamento in MANUALE sarà consentito solo se tutte le porte interbloccate della cabina della zona di pulitura saranno chiuse e se non saranno presenti condizioni di allarme. Il modo MANUALE sarà usato per l'azzeramento delle stazioni di lavoro, sblocco anomalie, o riposizionamento in condizioni utili per partire con la produzione. - Modo TEST (SBLOCCAPORTE), che consentirà: - di accedere alla zona di lavoro per eseguire la sostituzione degli utensili o le regolazioni necessarie per cambio codice prodotto da lavorare, in quanto le porte di accesso alla zona di lavoro saranno sbloccate e tutte le utenze elettriche saranno in arresto sicuro (in questa condizione il circuito pneumatico non viene scaricato dalla pressione). Non è previsto l'uso del terminale portatile di zona; - (in associazione all'inserimento di credenziali di utente ad alto livello) la programmazione di una ricetta con il terminale portatile della zona di pulitura. Solo per operatori qualificati alla programmazione. Quando il selettore modale è su “SBLOCCA PORTE”, tutte le porte interbloccate di accesso alla zona di lavoro di pulitura saranno sbloccate e una volta inserite le credenziali di utente di alto livello sul terminale, sarà possibile utilizzarlo, stando all'interno della cabina di protezione della zona di puliatura (porte sbloccate) e con la possibilità di osservare la posizione delle utenze. Per la tipologia di lavorazioni svolte dalla zona di pulitura, l’operatore addetto alla programmazione avrà la necessità di operare in prossimità degli organi mobili, in modo da verificare non solo la correttezza della ricetta che deve creare, ma anche la qualità delle operazioni di pulitura svolte, garantendo la precisione delle lavorazioni sul pezzo. Per questo motivo, in modalità di TEST con attivazione costante del dispositivo di abilitazione "uomo morto", l'operatore addetto alla programmazione che possiede le credenziali di utente di alto livello, potrà: - Movimentare una sola stazione di lavoro alla volta, un asse alla volta a velocità ridotta oppure la rotazione della spazzola anche alla massima velocità; - Eseguire il test in continuo. Non è invece possibile comandare la rotazione della tavola rotante della zona di pulitura. Il cambio della modalità di funzionamento durante il ciclo di lavoro automatico comporterà un suo arresto. Lo "SBLOCCO PORTE" comporterà il ripristino manuale e riavviamento del ciclo di lavoro. Si daranno misure di protezione mediante le istruzioni. Il selettore modale, insieme al relativo circuito di comando, realizzerà una funzione di sicurezza. Il dispositivo "uomo morto" di abilitazione presente sul terminale portatile realizzerà, insieme al relativo circuito di comando, una funzione di sicurezza. | R22: Nelle istruzioni dell’impianto si riporterà: - L’obbligo di portare con sé la chiave del selettore modale quando si accede alla zona di lavoro di pulitura. - Quando si accede all’area protetta indossare sempre tutti i dispositivi di protezione individuale previsti. - L’obbligo di consegnare le credenziali di utente di alto livello solo a personale addetto alla programmazione addestrato. - L'avvertenza che solo personale addestrato può utilizzare il terminale portatile per la movimentazione delle parti della zona di pulitura all’interno dell’area protetta. - L'avvertenza che, durante le manovre in test, non ci si deve mai posizionare all’interno dello spazio di azione della stazione di lavoro. Mantenersi sempre a distanza di sicurezza. - L'avvertenza che, durante i TEST, è necessario porsi al di fuori della potenziale linea di proiezione sia del pezzo in lavorazione (qualora dovesse sfuggire dalla presa della pinza porta-pezza), sia del materiale asportato o degli utensili (spazzole). | S22: 3 | T22: 2 | U22: 1 | V22: 1 | W22: =IF(COUNT(T22:V22)=3,SUM(T22:V22),"") -> 4 | X22: =IF(OR(S22="",W22=""),"",INDEX(Metodo!$C$6:$G$9,MATCH(S22,Metodo!$B$6:$B$9,0),MATCH(W22,Metodo!$C$5:$G$5,1))) -> OK | Y22: Norme A: EN ISO 12100 Norme B: EN ISO 13849-1; EN 62061; EN 60204-1 | Norme: ISO/TR 14121-2
A23: LIB-022 | B23: 1.2.6 | C23: Guasto del circuito di alimentazione di energia | D23: VRQ-001 | E23: Impianto | F23: Sistema di comando | G23: Sempre | H23: Tutte le parti mobili e attive dell'impianto | I23: Normale. | J23: 7.1 Pericoli causati da guasto della fonte di energia, dalla rottura di parti del macchinario e da altre disfunzioni 7.2.4 Caduta o proiezione di parti in movimento o pezzi trattenuti dal macchinario 7.2.8 Guasto nell'alimentazione dell'energia | K23: 3 | L23: 3 | M23: 2 | N23: 5 | O23: =IF(COUNT(L23:N23)=3,SUM(L23:N23),"") -> 10 | P23: =IF(OR(K23="",O23=""),"",INDEX(Metodo!$C$6:$G$9,MATCH(K23,Metodo!$B$6:$B$9,0),MATCH(O23,Metodo!$C$5:$G$5,1))) -> Richieste | Q23: L’Impianto di smerigliatura e lucidatura rubinetteria viene progettato per eseguire in modo automatico le operazioni di smerigliatura e, successivamente, di pulitura di componenti di rubinetteria. L'impianto sarà realizzato con due zone di lavoro, di smerigliatura e di pulitura, ognuna con una propria cabina di protezione e fonti di alimentazione. Entrambe le zone utilizzeranno le seguenti fonti energetiche: - Alimentazione elettrica; - Alimentazione aria compressa. ZONA DI SMERIGLIATURA - Disalimentazione elettrica L'intera zona di smerigliatura dell'impianto verrà racchiusa da una cabina di protezione. Durante il normale funzionamento dell'impianto, l'operatore stazionerà all'esterno della cabina, di fronte al quadro elettrico di zona o in corrispondenza della zona di scarico dei pezzi. Quando necessario, si porterà in zona di carico per il rifornimento dei pezzi da lavorare in uno dei pallet della stazione di carico. In caso di disalimentazione elettrica tutte le utenze elettriche si fermeranno in tempi relativamente brevi. L'accesso ai vari elementi mobili sarà comunque impedito, in quanto le porte di accesso della cabina di protezione avranno dispositivi di interblocco con bloccaggio del riparo del tipo power-to-release. La mancanza di alimentazione determinerà anche la disinserzione della logica di sicurezza. Al ritorno della fonte di alimentazione elettrica e per poter avviare l'impianto sarà richiesta un'azione manuale di inserzione/ripristino, la quale sarà effettuata attraverso il pulsante “RIPRISTINO AUSILIARI” della zona di smerigliatura. ZONA DI SMERIGLIATURA - Disalimentazione pneumatica In caso di disalimentazione pneumatica, il pressostato segnalerà l'anomalia e la logica di controllo fermerà immediatamente tutte le utenze. Il gruppo di trattamento principale della zona di smerigliatura su cui avviene l'allacciamento dell'aria compressa avrà un pressostato che impedirà l'avviamento della zona. Tutte le elettrovalvole per gli attuatori che potrebbero costituire un pericolo a causa di un movimento inaspettato dovuto ad un guasto energetico saranno del tipo bistabile. La presa dei pezzi nelle pinze porta-pezzo sarà ad azione pneumatica. A seconda della conformazione del prodotto da lavorare, le pinze porta-pezzo potranno essere di tipo "normalmente chiusa", ovvero l'aria compressa aprirà la pinza per rilasciare il pezzo, oppure "ad azione positiva", ovvero la presa del pezzo avviene fintantoché c'è aria compressa. Il circuito di alimentazione pneumatica delle pinze porta-pezzo sarà sorvegliato da un pressostato, grazie al quale, nel caso in cui vi sia una diminuzione della pressione necessaria, la logica di controllo arresterà in condizione di emergenza la zona di smerigliatura. Nel caso in cui, quindi, vi sia una disalimentazione pneumatica alle pinze porta-pezzo del tipo "ad azione positiva", il pezzo potrebbe cadere e, nel caso peggiore, se il pezzo è a contatto con l’utensile, questo potrebbe essere proiettato (ma trattenuto all'interno della cabina di protezione, vedere RESS1.3.3). La condizione di rischio maggiore sarà quando la disalimentazione pneumatica avviene durante la programmazione, ovvero quando l'operatore addetto alla programmazione si troverà all'interno della zona di lavoro per osservare le operazioni. ZONA DI PULITURA - Disalimentazione elettrica L'intera zona di pulitura dell'impianto verrà racchiusa da una cabina di protezione. Durante il normale funzionamento dell'impianto, l'operatore stazionerà all'esterno della cabina, di fronte al quadro elettrico di zona o in corrispondenza della zona di carico/scarico dei pezzi. In caso di disalimentazione elettrica tutte le utenze elettriche si fermeranno in tempi relativamente brevi. L'accesso ai vari elementi mobili sarà comunque impedito, in quanto le porte di accesso della cabina di protezione avranno dispositivi di interblocco con bloccaggio del riparo del tipo power-to-release. La mancanza di alimentazione determinerà anche la disinserzione della logica di sicurezza. Al ritorno della fonte di alimentazione elettrica e per poter avviare l'impianto sarà richiesta un'azione manuale di inserzione/ripristino, la quale sarà effettuata attraverso il pulsante “RIPRISTINO AUSILIARI” della zona di pulitura. ZONA DI PULITURA - Disalimentazione pneumatica In caso di disalimentazione pneumatica, il pressostato segnalerà l'anomalia e la logica di controllo fermerà immediatamente tutte le utenze. Il gruppo di trattamento principale della zona di pulitura su cui avviene l'allacciamento dell'aria compressa avrà un pressostato che impedirà l'avviamento della zona di pulitura. Tutte le elettrovalvole per gli attuatori che potrebbero costituire un pericolo a causa di un movimento inaspettato dovuto ad un guasto energetico saranno del tipo bistabile. La presa dei pezzi nelle pinze porta-pezzo sarà ad azione pneumatica. A seconda della conformazione del prodotto da lavorare, le pinze porta-pezzo potranno essere di tipo "normalmente chiusa", ovvero l'aria compressa aprirà la pinza per rilasciare il pezzo, oppure "ad azione positiva", ovvero la presa del pezzo avviene fintantoché c'è aria compressa. Il circuito di alimentazione pneumatica delle pinze porta-pezzo sarà sorvegliato da un pressostato, grazie al quale, nel caso in cui vi sia una diminuzione della pressione necessaria, la logica di controllo arresterà in condizione di emergenza la zona di pulitura. Nel caso in cui, quindi, vi sia una disalimentazione pneumatica alle pinze porta-pezzo del tipo "ad azione positiva", il pezzo potrebbe cadere e, nel caso peggiore, se il pezzo è a contatto con l’utensile, questo potrebbe essere proiettato (ma trattenuto all'interno della cabina di protezione, vedere RESS1.3.3). La condizione di rischio maggiore sarà quando la disalimentazione pneumatica avviene durante la programmazione, ovvero quando l'operatore addetto alla programmazione si troverà all'interno della zona di lavoro per osservare le operazioni. | R23: Nelle istruzioni dell'impianto si riporta l'avvertenza: durante i TEST porsi al di fuori della potenziale linea di proiezione sia del pezzo in lavorazione (qualora dovesse sfuggire dalla presa della pinza porta-pezza), sia del materiale asportato o degli utensili. Segnaletica 3.13 Wear a face shield | S23: 3 | T23: 2 | U23: 2 | V23: 3 | W23: =IF(COUNT(T23:V23)=3,SUM(T23:V23),"") -> 7 | X23: =IF(OR(S23="",W23=""),"",INDEX(Metodo!$C$6:$G$9,MATCH(S23,Metodo!$B$6:$B$9,0),MATCH(W23,Metodo!$C$5:$G$5,1))) -> Suggerite | Y23: Norme A: EN ISO 12100 Norme B: EN 60204-1 | Norme: ISO/TR 14121-2 | Z23: Il rischio finale non è in area verde: verificare se servono altre misure o motivare l'accettazione.
A24: LIB-023 | B24: 1.3.1 | C24: Rischio di perdita di stabilità | D24: VRQ-001 | E24: Impianto | F24: Generale impianto | G24: Sempre | H24: Tutte le parti dell'impianto | I24: Normale; installazione; trasporto; smantellamento. | J24: 11.3 Pericoli causati da mancanza di stabilità | K24: 3 | L24: 2 | M24: 4 | N24: 5 | O24: =IF(COUNT(L24:N24)=3,SUM(L24:N24),"") -> 11 | P24: =IF(OR(K24="",O24=""),"",INDEX(Metodo!$C$6:$G$9,MATCH(K24,Metodo!$B$6:$B$9,0),MATCH(O24,Metodo!$C$5:$G$5,1))) -> Richieste | Q24: L’Impianto di smerigliatura e lucidatura rubinetteria viene progettato per eseguire in modo automatico le operazioni di smerigliatura e successivamente di pulitura di componenti di rubinetteria. L'impianto sarà realizzato con due zone di lavoro, di smerigliatura e di pulitura, ognuna con una propria cabina di protezione e fonti di alimentazione. La zona di smerigliatura sarà costituita dai seguenti elementi: - Stazione di carico a doppio pallet; - nr. 3 gruppi di smerigliatura, costituita da un robot antropomorfo e due smerigliatrici a nastro; - nr. 2 dispositivi per il passaggio del pezzo da un gruppo di smerigliatura a un altro; - Trasportatore a tappeto di scarico. La zona di pulitura sarà costituita dai seguenti elementi: - Tavola rotante con 5 gruppi porta-pezzi; - nr. 4 unità di lucidatura CNC; - Impianto della pasta abrasiva a servizio delle stazioni di lucidatura. Ogni elemento dell'impianto avrà una propria struttura portante (ad esempio telaio in profili di alluminio, supporto in alluminio "avio", piedistallo in acciaio) che, a seconda dell'oggetto e della propria funzione operativa, sarà dimensionata a supportare la massa e gli sforzi operativi. Tutti gli elementi dell'impianto saranno realizzati tenendo conto delle fasi di sollevamento e trasporto, e sia per l'installazione mediante l'ancoraggio al pavimento con opportuni tasselli. Verranno date informazioni tramite le istruzioni. Vedere le sezioni "Disegni" nel Fascicolo Tecnico. | R24: Le istruzioni dell'impianto riporteranno: - Le masse degli elementi che formano l'impianto; - I disegni per il loro sollevamento; - I disegni con i punti per l'ancoraggio al pavimento; - Indicazioni sul corretto trasporto, movimentazione e sulla corretta installazione in un sito appositamente predisposto. | S24: 3 | T24: 2 | U24: 1 | V24: 1 | W24: =IF(COUNT(T24:V24)=3,SUM(T24:V24),"") -> 4 | X24: =IF(OR(S24="",W24=""),"",INDEX(Metodo!$C$6:$G$9,MATCH(S24,Metodo!$B$6:$B$9,0),MATCH(W24,Metodo!$C$5:$G$5,1))) -> OK | Y24: Norme A: EN ISO 12100 | Norme: ISO/TR 14121-2
A25: LIB-024 | B25: 1.3.2 | C25: Rischio di rottura durante il funzionamento | D25: VRQ-001 | E25: Impianto | F25: Generale impianto | G25: Sempre | H25: Zone di lavoro dell'impianto | I25: Normale. | J25: 7.3.1 Eiezione inattesa di parti della macchina o di fluidi 7.3.2 Caduta o proiezione di oggetti o fluidi 7.3.3 Rotture durante il funzionamento | K25: 2 | L25: 5 | M25: 2 | N25: 5 | O25: =IF(COUNT(L25:N25)=3,SUM(L25:N25),"") -> 12 | P25: =IF(OR(K25="",O25=""),"",INDEX(Metodo!$C$6:$G$9,MATCH(K25,Metodo!$B$6:$B$9,0),MATCH(O25,Metodo!$C$5:$G$5,1))) -> Richieste | Q25: Tutte le parti dell'impianto verranno realizzate e/o scelte per lavorare in un ambiente industriale coperto. Tutte le parti dell'impianto verranno dimensionate tenendo conto degli sforzi ragionevolmente prevedibili cui sono sottoposte. Tutte le stazioni di lavoro di ciascuna zona dell'impianto saranno posizionate all'interno di una cabina di protezione con pannelli fonoassorbenti e vetrate. L'impianto utilizzerà anche energia pneumatica. La pressione di alimentazione dell'aria compressa sarà di 6 bar. Per quanto riguarda il circuito pneumatico di alimentazione delle pinze porta-pezzo, questo lavorerà fino a 10 bar. Le tubature dell'impianto pneumatico e i relativi connettori saranno idonee all'esercizio previsto. Vedere i "Disegni complessivi" e i "Disegni di dettaglio" all'interno del Fascicolo Tecnico. Vedere gli "Schemi meccanici" all'interno del Fascicolo Tecnico. Vedere la documentazione dei componenti di commercio all'interno del Fascicolo Tecnico. | S25: 2 | T25: 2 | U25: 1 | V25: 3 | W25: =IF(COUNT(T25:V25)=3,SUM(T25:V25),"") -> 6 | X25: =IF(OR(S25="",W25=""),"",INDEX(Metodo!$C$6:$G$9,MATCH(S25,Metodo!$B$6:$B$9,0),MATCH(W25,Metodo!$C$5:$G$5,1))) -> OK | Y25: Norme A: EN ISO 12100 Norme B: EN ISO 4414 | Norme: ISO/TR 14121-2
A26: LIB-025 | B26: 1.3.3 | C26: Rischi dovuti alla caduta o alla proiezione di oggetti | D26: VRQ-001 | E26: Impianto | F26: Cabina di protezione e ripari | G26: Se presente cabina con porte di accesso | H26: Zone di lavoro dell'impianto - spazi protetti dalle cabine di protezione | I26: Normale. | J26: 7.2.4 Caduta o proiezione di parti in movimento o pezzi trattenuti dal macchinario 7.3.2 Caduta o proiezione di oggetti o fluidi | K26: 3 | L26: 3 | M26: 2 | N26: 5 | O26: =IF(COUNT(L26:N26)=3,SUM(L26:N26),"") -> 10 | P26: =IF(OR(K26="",O26=""),"",INDEX(Metodo!$C$6:$G$9,MATCH(K26,Metodo!$B$6:$B$9,0),MATCH(O26,Metodo!$C$5:$G$5,1))) -> Richieste | Q26: L'impianto sarà realizzato con due zone di lavoro, di smerigliatura e di pulitura, ognuna con una propria cabina di protezione e fonti di alimentazione. Durante il normale funzionamento dell'impianto, l'operatore stazionerà all'esterno delle cabine, principalmente in corrispondenza della zona di scarico dei pezzi dalla zona di smerigliatura e della zona di carico/scarico pezzi della zona di pulitura. Quando necessario, si porterà in zona di carico per il rifornimento dei pezzi da smerigliare. Le spazzole delle lucidatrici saranno montate mediante un sistema canotto/dado di bloccaggio. Le pinze di presa saranno montate sulle stazioni di lavoro (robot antropomorfi e gruppi porta-pezzo della tavola rotante) mediante due viti di bloccaggio. Le pinze porta-pezzo vengono progettate per garantire la presa del pezzo durante le lavorazioni di smerigliatura e di pulitura. La presa dei pezzi nelle pinze porta-pezzo avverrà pneumaticamente. La tipologia di pinza porta-pezzo maggiormente usata nell'impianto è di tipo "normalmente chiusa", ovvero l'aria compressa aprirà la pinza per rilasciare il pezzo. Tuttavia, alcune tipologie di pinze saranno "ad azione positivo", ovvero la presa del pezzo avviene fintantoché c'è aria compressa. In generale, le pinze porta-pezzo e il sistema di alimentazione pneumatico saranno progettati per garantire la buona tenuta del pezzo durante le lavorazioni. La pressione dei circuiti pneumatici delle pinze porta-pezzo sarà sorvegliata in modo tale che al di fuori di un determinato range operativo vi sia una condizione di allarme. Per quanto riguarda un guasto alla fonte di alimentazione vedere il RESS 1.2.6. Nel caso in cui vi sia un guasto o un'anomalia e una parte, come il pezzo, ecc., venga rilasciato e quindi proiettato, questa verrà trattenuta dalle protezioni perimetrali. Vedere la sezione "Disegni" del Fascicolo Tecnico. Vedere la sezione "Altra documentazione di commercio" per vedere le schede tecniche dei pannelli e dei ventri antisfondamento delle cabine di protezione. | R26: Nelle istruzioni dell'impianto verranno riportate le procedure per la sostituzione degli utensili e delle parti dell'impianto legate al codice di prodotto da lavorare (pinze porta-pezzo, pallet portapezzi). | S26: 3 | T26: 2 | U26: 1 | V26: 1 | W26: =IF(COUNT(T26:V26)=3,SUM(T26:V26),"") -> 4 | X26: =IF(OR(S26="",W26=""),"",INDEX(Metodo!$C$6:$G$9,MATCH(S26,Metodo!$B$6:$B$9,0),MATCH(W26,Metodo!$C$5:$G$5,1))) -> OK | Y26: Norme A: EN ISO 12100 | Norme: ISO/TR 14121-2
A27: LIB-026 | B27: 1.3.3 | C27: Rischi dovuti alla caduta o alla proiezione di oggetti | D27: VRQ-002 | E27: Impianto | F27: Generale impianto | G27: Sempre | H27: Zona di lavoro dell'impianto - in prossimità delle stazioni di lavoro che devono essere programmate (ciclo TEST) | I27: Programmazione. | J27: 7.2.4 Caduta o proiezione di parti in movimento o pezzi trattenuti dal macchinario 7.3.2 Caduta o proiezione di oggetti o fluidi 9.3.1 Pericoli provocati da errore umano, comportamento umano | K27: 3 | L27: 3 | M27: 2 | N27: 5 | O27: =IF(COUNT(L27:N27)=3,SUM(L27:N27),"") -> 10 | P27: =IF(OR(K27="",O27=""),"",INDEX(Metodo!$C$6:$G$9,MATCH(K27,Metodo!$B$6:$B$9,0),MATCH(O27,Metodo!$C$5:$G$5,1))) -> Richieste | Q27: Per la tipologia di lavorazioni svolte dall’impianto, l’operatore addetto alla programmazione avrà la necessità di operare in prossimità degli organi mobili, in modo da verificare non solo la correttezza della ricetta che dovrà creare, ma anche la qualità delle operazioni di smerigliatura/pulitura svolte, garantendo la precisione delle lavorazioni sul pezzo. Nonostante le condizioni di sicurezza in cui lavorerà l'operatore (vedere RESS 1.2.5), un errore da parte dell'operatore addetto alla programmazione può generare una situazione in cui la presa del pezzo venga meno, o un'interferenza tra le parti delle stazioni di lavoro, comportandone la caduta/proiezione/rottura. Per quanto riguarda un guasto alla fonte di alimentazione vedere il RESS 1.2.6. Si daranno indicazioni nelle istruzioni. | R27: Nelle istruzioni dell'impianto si riporterà: - L'operatore addetto alla programmazione deve essere stato addestrato opportunamente nell'eseguire i suoi compiti ed aver compreso i pericoli in cui incorre stazionando nelle zone di lavoro dell’impianto (all’interno delle cabina di protezione). - Durante la programmazione porsi al di fuori della potenziale linea di proiezione sia del pezzo in lavorazione (qualora dovesse sfuggire dalla presa della pinza porta-pezza), sia del materiale asportato o degli utensili (spazzole, nastri abrasivi). - L'operatore addetto alla programmazione deve indossare uno schermo protettivo del volto. Segnaletica 3.13 Wear a face shield | S27: 3 | T27: 2 | U27: 2 | V27: 3 | W27: =IF(COUNT(T27:V27)=3,SUM(T27:V27),"") -> 7 | X27: =IF(OR(S27="",W27=""),"",INDEX(Metodo!$C$6:$G$9,MATCH(S27,Metodo!$B$6:$B$9,0),MATCH(W27,Metodo!$C$5:$G$5,1))) -> Suggerite | Y27: Norme A: EN ISO 12100 | Norme: ISO/TR 14121-2 | Z27: Il rischio finale non è in area verde: verificare se servono altre misure o motivare l'accettazione.
A28: LIB-027 | B28: 1.3.3 | C28: Rischi dovuti alla caduta o alla proiezione di oggetti | D28: VRQ-200 | E28: Pulitura | F28: Impianto pasta abrasiva | G28: Se presente impianto pasta abrasiva | H28: Pistole spruzzatrici | I28: Manutenzione; sblocco anomalie. | J28: 1.1.9 Pericolo di eiezione di fluido ad alta pressione | K28: 2 | L28: 4 | M28: 3 | N28: 5 | O28: =IF(COUNT(L28:N28)=3,SUM(L28:N28),"") -> 12 | P28: =IF(OR(K28="",O28=""),"",INDEX(Metodo!$C$6:$G$9,MATCH(K28,Metodo!$B$6:$B$9,0),MATCH(O28,Metodo!$C$5:$G$5,1))) -> Richieste | Q28: L’Impianto di smerigliatura e lucidatura rubinetteria viene progettato per eseguire in modo automatico le operazioni di smerigliatura e successivamente di pulitura di componenti di rubinetteria. In particolare, per le operazioni di lucidatura, l'impianto utilizzerà pasta abrasiva, che verrà spruzzata direttamente sulla spazzola di lucidatura. Le pistole spruzzatrici saranno un prodotto di commercio e verranno alimentate pneumaticamente. A misura di protezione verranno date informazioni nelle istruzioni dell'impianto. | R28: Nelle istruzioni dell'impianto si riporterà: - Quando si deve intervenire sulle pistole di spruzzatura, indossare sempre tutti i dispositivi di protezione individuale previsti; - Prima di avvicinarsi alle pistole spruzzatrici della pasta liquida, accertarsi che le pompe siano disalimentate e prive di pressione o che il loro circuito di alimentazione sia stato chiuso; - Mai porsi sotto all’ugello di spruzzatura. | S28: 2 | T28: 4 | U28: 2 | V28: 1 | W28: =IF(COUNT(T28:V28)=3,SUM(T28:V28),"") -> 7 | X28: =IF(OR(S28="",W28=""),"",INDEX(Metodo!$C$6:$G$9,MATCH(S28,Metodo!$B$6:$B$9,0),MATCH(W28,Metodo!$C$5:$G$5,1))) -> OK | Y28: Norme A: EN ISO 12100 | Norme: ISO/TR 14121-2
A29: LIB-028 | B29: 1.3.3 | C29: Rischi dovuti alla caduta o alla proiezione di oggetti | D29: VRQ-201 | E29: Pulitura | F29: Tavola rotante – carico/scarico | G29: Se presente tavola rotante con carico/scarico manuale | H29: Varco di carico/scarico della zona di pulitura | I29: Normale. | J29: 7.3.2 Caduta o proiezione di oggetti o fluidi | K29: 3 | L29: 3 | M29: 1 | N29: 5 | O29: =IF(COUNT(L29:N29)=3,SUM(L29:N29),"") -> 9 | P29: =IF(OR(K29="",O29=""),"",INDEX(Metodo!$C$6:$G$9,MATCH(K29,Metodo!$B$6:$B$9,0),MATCH(O29,Metodo!$C$5:$G$5,1))) -> Richieste | Q29: Intorno al gruppo porta-pezzo della tavola rotante in posizione di carico/scarico vi sarà una protezione flessibile (tenda) che impedirà la fuoriuscita di materiale o pezzo dal varco per il carico/scarico | S29: 3 | T29: 2 | U29: 1 | V29: 1 | W29: =IF(COUNT(T29:V29)=3,SUM(T29:V29),"") -> 4 | X29: =IF(OR(S29="",W29=""),"",INDEX(Metodo!$C$6:$G$9,MATCH(S29,Metodo!$B$6:$B$9,0),MATCH(W29,Metodo!$C$5:$G$5,1))) -> OK | Y29: Norme A: EN ISO 12100 | Norme: ISO/TR 14121-2
A30: LIB-029 | B30: 1.3.4 | C30: Rischi dovuti a superfici, spigoli od angoli | D30: VRQ-001 | E30: Impianto | F30: Generale impianto | G30: Sempre | H30: Le parti dell'impianto che possono risultare taglienti o con spigoli vivi | I30: Tutte. | J30: 1.1.3 Pericolo di taglio o di sezionamento 1.1.8 Pericolo di attrito o di abrasione | K30: 1 | L30: 5 | M30: 4 | N30: 3 | O30: =IF(COUNT(L30:N30)=3,SUM(L30:N30),"") -> 12 | P30: =IF(OR(K30="",O30=""),"",INDEX(Metodo!$C$6:$G$9,MATCH(K30,Metodo!$B$6:$B$9,0),MATCH(O30,Metodo!$C$5:$G$5,1))) -> Suggerite | Q30: Tutte le parti dell'impianto in cui non saranno previste per esigenze funzionali parti a spigolo vivo o taglienti saranno smussate e/o levigate. Per quanto possibile la sagoma delle parti dell'impianto verrà realizzata in modo da eliminare o ridurre al minimo le parti sporgenti (fuori sagoma). Vedere la sezione "Disegni" del Fascicolo Tecnico. Segnaletica 3.9 Wear protective gloves | S30: 1 | T30: 4 | U30: 1 | V30: 1 | W30: =IF(COUNT(T30:V30)=3,SUM(T30:V30),"") -> 6 | X30: =IF(OR(S30="",W30=""),"",INDEX(Metodo!$C$6:$G$9,MATCH(S30,Metodo!$B$6:$B$9,0),MATCH(W30,Metodo!$C$5:$G$5,1))) -> OK | Y30: Norme A: EN ISO 12100 | Norme: ISO/TR 14121-2
A31: LIB-030 | B31: 1.3.7 | C31: Rischi dovuti agli elementi mobili | D31: VRQ-001 | E31: Impianto | F31: Generale impianto | G31: Sempre | I31: Non specificata. | O31: =IF(COUNT(L31:N31)=3,SUM(L31:N31),"") | P31: =IF(OR(K31="",O31=""),"",INDEX(Metodo!$C$6:$G$9,MATCH(K31,Metodo!$B$6:$B$9,0),MATCH(O31,Metodo!$C$5:$G$5,1))) | Q31: L’Impianto di smerigliatura e lucidatura rubinetteria viene progettato per eseguire in modo automatico le operazioni di smerigliatura e, successivamente, di pulitura di componenti di rubinetteria. L'impianto sarà realizzato con due zone di lavoro, di smerigliatura e di pulitura, ognuna con una propria cabina di protezione e fonti di alimentazione. La zona di smerigliatura sarà costituita dai seguenti elementi: - Stazione di carico a doppio pallet; - nr. 3 gruppi di smerigliatura, costituiti da un robot antropomorfo e due smerigliatrici a nastro; - nr. 2 dispositivi per il passaggio del pezzo da un gruppo di smerigliatura a un altro; - Trasportatore a tappeto di scarico. La zona di pulitura sarà costituita dai seguenti elementi: - Tavola rotante con 5 gruppi porta-pezzi; - nr. 4 unità di lucidatura CNC; - Impianto della pasta abrasiva a servizio delle stazioni di lucidatura. | W31: =IF(COUNT(T31:V31)=3,SUM(T31:V31),"") | X31: =IF(OR(S31="",W31=""),"",INDEX(Metodo!$C$6:$G$9,MATCH(S31,Metodo!$B$6:$B$9,0),MATCH(W31,Metodo!$C$5:$G$5,1))) | Y31: Norme A: EN ISO 12100 Norme B: EN ISO 13857; EN 349 | Norme: ISO/TR 14121-2 | Z31: Scheda descrittiva, senza stima del rischio.
A32: LIB-031 | B32: 1.3.7 | C32: Rischi dovuti agli elementi mobili | D32: VRQ-100 | E32: Smerigliatura | F32: Zona smerigliatura – generale | G32: Se presente zona di smerigliatura | H32: Zona di smerigliatura | I32: Normale; manutenzione; situazione di emergenza; regolazione / attrezzamento; sblocco anomalie; regolazione; programmazione. | O32: =IF(COUNT(L32:N32)=3,SUM(L32:N32),"") | P32: =IF(OR(K32="",O32=""),"",INDEX(Metodo!$C$6:$G$9,MATCH(K32,Metodo!$B$6:$B$9,0),MATCH(O32,Metodo!$C$5:$G$5,1))) | Q32: La zona di smerigliatura eseguirà la prima fase lavorativa sui componenti di rubinetteria. La zona di smerigliatura sarà costituita dai seguenti elementi: - Stazione di carico a doppio pallet; - nr. 3 gruppi di smerigliatura, costituita da un robot antropomorfo e due smerigliatrici a nastro; - nr. 2 dispositivi per il passaggio del pezzo da un gruppo di smerigliatura a un altro; - Trasportatore a tappeto di scarico. La zona di smerigliatura sarà racchiusa con una cabina di protezione con porte di accesso interbloccate. Sulle porte di accesso, verrà apposto il cartello di avvertenza di "divieto di accesso alle persone non autorizzate". Il primo robot antropomorfo A preleverà un pezzo alla volta da un pallet porta-pezzi della stazione di carico (slitta porta-pallet posizionata in avanti) e lo porterà, a seconda delle impostazioni del programma di lavoro, a contatto con l’utensile della smerigliatrice a nastro A1 e/o della smerigliatrice a nastro A3. Una volta ultimato il proprio ciclo di smerigliatura, il robot antropomorfo A depositerà il pezzo sul primo dispositivo di scambio. Il secondo robot antropomorfo B preleverà il pezzo dal primo dispositivo di scambio e lo porterà, a seconda delle impostazioni del programma di lavoro, a contatto con l’utensile della smerigliatrice a nastro B1 e/o della smerigliatrice a nastro B3. Una volta ultimato il proprio ciclo di smerigliatura, il robot antropomorfo B depositerà il pezzo sul secondo dispositivo di scambio. Il terzo robot antropomorfo C preleverà il pezzo dal secondo dispositivo di scambio e lo porterà, a seconda delle impostazioni del programma di lavoro, a contatto con l’utensile della smerigliatrice a nastro C1 e/o della smerigliatrice a nastro C3. Una volta ultimato il proprio ciclo di smerigliatura, il robot antropomorfo C depositerà il pezzo sul trasportatore a tappeto di scarico. Il trasportatore a tappeto avanzerà piano piano per accumulare e spostare i prodotti smerigliati all'esterno della cabina di protezione. La zona di smerigliatura verrà ulteriormente divisa nelle seguenti sottozone: - sottozona di carico, dove l'operatore potrà eseguire il caricamento dei pezzi da lavorare sui pallet della stazione di carico; - sottozona di lavoro di smerigliatura, dove opereranno tutti i gruppi di smerigliatura; - sottozona di scarico, dove l'operatore rimuoverà i prodotti smerigliati dal tappeto del trasportatore di scarico per caricarli, uno alla volta sulla posizione di carico/scarico della tavola rotante. La sottozona di carico comprenderà quindi metà corsa delle slitte della stazione di carico a doppio pallet (posizione indietro). La sottozona di scarico comprenderà la parte finale del trasportatore a tappeto di scarico. Per le ulteriori valutazioni sugli elementi mobili della zona di carico, si vedano le schede di valutazione VRQ-11x del presente requisito. Per le ulteriori valutazioni sugli elementi mobili della sottozona di lavoro di smerigliatura, si vedano le schede di valutazione VRQ-12x del presente requisito. Per le ulteriori valutazioni sugli elementi mobili della sottozona di scarico, si vedano le schede di valutazione VRQ-13x del presente requisito. Segnaletica 2.2.4 Vietato l'accesso | W32: =IF(COUNT(T32:V32)=3,SUM(T32:V32),"") | X32: =IF(OR(S32="",W32=""),"",INDEX(Metodo!$C$6:$G$9,MATCH(S32,Metodo!$B$6:$B$9,0),MATCH(W32,Metodo!$C$5:$G$5,1))) | Y32: Norme A: EN ISO 12100 Norme B: EN ISO 13857; EN 349 | Norme: ISO/TR 14121-2 | Z32: Scheda descrittiva, senza stima del rischio.
A33: LIB-032 | B33: 1.3.7 | C33: Rischi dovuti agli elementi mobili | D33: VRQ-110 | E33: Smerigliatura | F33: Stazione di carico a doppio pallet | G33: Se presente stazione di carico a pallet | H33: Zona di smerigliatura - SOTTOZONA DI CARICO | I33: Normale. | J33: 1.1.1 Pericolo di schiacciamento 1.1.2 Pericolo di cesoiamento 1.1.6 Pericolo di urto 1.2.2 Posizione relativa (può generare zone di schiacciamento, di cesoiamento, di impigliamento, ecc. quando le parti sono in movimento) | K33: 2 | L33: 5 | M33: 3 | N33: 3 | O33: =IF(COUNT(L33:N33)=3,SUM(L33:N33),"") -> 11 | P33: =IF(OR(K33="",O33=""),"",INDEX(Metodo!$C$6:$G$9,MATCH(K33,Metodo!$B$6:$B$9,0),MATCH(O33,Metodo!$C$5:$G$5,1))) -> Richieste | Q33: La sottozona di carico corrisponderà a metà spazio di movimentazione della stazione di carico. In altre parole, la stazione di carico a doppio pallet sarà posta a cavallo tra la sottozona di carico e la sottozona di lavoro di smerigliatura. I pallet porta-pezzi, posizionati sui carrelli delle slitte della stazione di carico, quando spostati in avanti saranno all'interno dello spazio di lavoro in modo che il robot A possa afferrare i pezzi da lavorare; quando saranno spostati indietro, saranno all'interno dello spazio dove l'operatore potrà portarsi per eseguire il carico dei pezzi da lavorare. Questo sistema consentirà le operazioni manuali di carico dei pezzi su un pallet, mentre il robot A potrà continuare con il suo processo automatico, prelevando i pezzi dall'altro pallet. Ciascun carrello porta-pallet scorrerà su una coppia di aste cilindriche con bussole a ricircolo di sfere, azionato da un cilindro pneumatico senza stelo: quando il carrello porta-pallet sarà tutto indietro esso si troverà nella zona di carico, quando sarà tutto avanti esso si troverà in zona di lavoro. La zona di carico sarà circoscritta da ripari fissi, facenti parte integrante della cabina di protezione della zona di smerigliatura. Sul lato frontale della sottozona di carico sarà presente una grande porta di accesso, scorrevole verticalmente, interbloccata con bloccaggio del riparo. Per quanto riguarda la porta di accesso alla sottozona di carico, vedere anche la scheda di valutazione VRQ-110 del RESS 1.4.1 e VRQ-100 del RESS 1.4.2.2. Sul lato posteriore della sottozona di carico, sarà presente un varco per il passaggio alla sottozona di lavoro di smerigliatura dei due carrelli con il proprio pallet porta-pezzi. Questo varco sarà di dimensioni il più ridotte possibile: - Non vi sarà possibilità di accesso da sotto i carrelli porta-pallet, né lateralmente né tra i due caricatori; - Superiormente sarà lasciato il solo varco per il passaggio del carrello con pallet e pezzi; - Sia quando i carrelli porta-pallet saranno posizionati dentro o fuori la sottozona di carico, sarà garantita la distanza di sicurezza tra il varco e il robot A con pinza (nella sua posizione più sfavorevole) nel rispetto della norma EN ISO 13857. - Se le condizioni d'uso e la costruzione dell'impianto non consentiranno di applicare la norma EN ISO 13857, verranno installate delle barriere fotoelettriche sul varco tra le due sottozone a protezione di un eventuale accesso alla sottozona di smerigliatura quando la porta di accesso alla sottozona di carico sarà sbloccata. Le barriere fotoelettriche verranno scelte e posizionate nel rispetto della norma EN ISO 13855. Per il livello di prestazione richiesto per queste barriere fotoelettriche, vedere la scheda di valutazione VRQ-120 del presente requisito. In corrispondenza del varco, verrà apposto il cartello di avvertenza di "divieto di accesso". Per ulteriori indicazioni su questo varco vedere la scheda di valutazione VRQ-120 del presente requisito. Durante il normale funzionamento dell'impianto, quando un pallet porta-pezzi verrà vuotato dal robot, se le condizioni di sicurezza lo consentono (nessuna emergenza attiva, porte interbloccate di accesso alla zona di smerigliatura chiuse), esso si porterà tutto indietro, all'interno della sottozona di carico. In questa condizione, la porta di accesso alla sottozona di carico verrà automaticamente sbloccata e verrà segnalata la necessità di rifornimento pezzi. Con porta di accesso alla sottozona di carico sbloccata, i carrelli porta-pallet non potranno muoversi. Una volta caricato il pallet con i pezzi da lavorare, l'operatore dovrà uscire dalla sottozona di carico, chiudere la porta di accesso, ed eseguire la procedura di bloccaggio porta e richiesta cambio pallet, tramite i comandi della pulsantiera locale. Segnaletica 4.14 No reaching in | S33: 2 | T33: 4 | U33: 1 | V33: 1 | W33: =IF(COUNT(T33:V33)=3,SUM(T33:V33),"") -> 6 | X33: =IF(OR(S33="",W33=""),"",INDEX(Metodo!$C$6:$G$9,MATCH(S33,Metodo!$B$6:$B$9,0),MATCH(W33,Metodo!$C$5:$G$5,1))) -> OK | Y33: Norme A: EN ISO 12100 Norme B: EN ISO 13857; EN 349 | Norme: ISO/TR 14121-2
A34: LIB-033 | B34: 1.3.7 | C34: Rischi dovuti agli elementi mobili | D34: VRQ-120 | E34: Smerigliatura | F34: Gruppo di smerigliatura (robot + smerigliatrici a nastro) | G34: Se presente robot con smerigliatrici a nastro | H34: Zona di smerigliatura - SOTTOZONA DI LAVORO DI SMERIGLIATURA | I34: Normale; regolazione / attrezzamento. | J34: 1.1.1 Pericolo di schiacciamento 1.1.2 Pericolo di cesoiamento 1.1.3 Pericolo di taglio o di sezionamento 1.1.4 Pericolo di impigliamento 1.1.6 Pericolo di urto 1.1.8 Pericolo di attrito o di abrasione 1.2.1 Forma (elementi taglienti, spigoli vivi, pezzi di forma aguzza anche se sono immobili) 1.2.2 Posizione relativa (può generare zone di schiacciamento, di cesoiamento, di impigliamento, ecc. quando le parti sono in movimento) | K34: 3 | L34: 5 | M34: 3 | N34: 5 | O34: =IF(COUNT(L34:N34)=3,SUM(L34:N34),"") -> 13 | P34: =IF(OR(K34="",O34=""),"",INDEX(Metodo!$C$6:$G$9,MATCH(K34,Metodo!$B$6:$B$9,0),MATCH(O34,Metodo!$C$5:$G$5,1))) -> Richieste | Q34: La sottozona di lavoro di smerigliatura comprenderà tutti quegli elementi dell'impianto necessari alle prime fasi di lavorazione dei pezzi, ovvero la loro smerigliatura. Gli elementi mobili della zona di smerigliatura saranno: - I carrelli con pallet porta-pezzo della stazione di carico, per metà della loro corsa di spostamento - posizione avanti); - I tre robot antropomorfi; - Le pinze di presa del pezzo montate sui robot antropomorfi; - Le sei smerigliatrici a nastro (asse U, asse Z, rotazione delle ruote e del nastro abrasivo); - I due dispositivi per il passaggio del pezzo da un gruppo di smerigliatura a un altro (rotazione 0-180° e viceversa, apri/chiudi porta-pezzo); - La parte iniziale del nastro trasportatore di scarico. La sottozona di smerigliatura sarà circoscritta da ripari fissi, facenti parte integrante della cabina di protezione della zona di smerigliatura. Per accedere alla sottozona di smerigliatura saranno presenti una serie di porte di accesso (a battente o scorrevoli) interbloccate con bloccaggio del riparo. Per quanto riguarda le porte di accesso alla sottozona di lavoro di smerigliatura, vedere anche la scheda di valutazione VRQ-001 del RESS 1.4.1 e il RESS 1.4.2.2. Durante il normale funzionamento della zona di smerigliatura (sia in modalità automatica che manuale), qualsiasi movimento o attuatore della sottozona di lavoro potrà essere attivato solo ed esclusivamente con le porte interbloccate di accesso alla sottozona di smerigliatura chiuse e bloccate. Per accedere alla sottozona di lavoro sarà necessario posizionare il selettore a chiave di modalità su "SBLOCCA PORTE". In questa condizione: - tutte le utenze elettriche della zona di smerigliatura saranno in arresto sicuro e per la ripartenza sarà richiesto un ripristino manuale (vedere RESS 1.2.3); - i circuiti pneumatici rimarranno in pressione al fine di mantenere stabili le utenze pneumatiche, come la tensione del nastro abrasivo delle smerigliatrici, la presa dei pezzi nelle pinze ad azione positiva. Se la selezione di “sblocco porte” comporterà un “impegnativo” riposizionamento dei robot per la successiva ripartenza in automatico (per esempio il robot dovrà essere portato in home), o se non le parti mobili pericolose non si fermeranno prima che l’operatore possa accedere e raggiungerle, verrà previsto un tempo di ritardo per lo sblocco a seguito del comando di arresto, in modo da garantire che le parti si fermino nel tempo e nei modi utili. Con le porte interbloccate aperte della zona di lavoro di smerigliatura, l'operatore potrà sostituire velocemente i nastri abrasivi. Per quanto riguarda la sostituzione delle pinze porta-pezzo, invece, è necessario, preliminarmente, scaricare completamente il circuito pneumatico di alimentazione di tutte le pinze porta-pezzo. Vengono date informazioni nelle istruzioni d'uso. Per quanto riguarda il varco per il passaggio dei due carrelli con pallet porta-pezzi tra la sottozona di carico e la sottozona di smerigliatura, vedere quanto indicato nella scheda di valutazione VRQ-110 del presente requisito. Per quanto riguarda l'uscita dei pezzi smerigliati dalla cabina di protezione, sul lato sinistro della cabina, sopra al trasportatore di scarico vi sarà un varco per il loro passaggio. Il tappeto del trasportatore di scarico sarà alto circa 1000-1100 mm da terra. Da sotto il trasportatore non sarà possibile accedere all'interno della zona di lavoro. Il varco sarà largo quanto il nastro trasportatore, e sarà alto quanto l'altezza del pezzo lavorabile più grande maggiorata di 50 mm. Sarà garantita la distanza di sicurezza tra il varco di scarico e il robot C con pinza (nella sua posizione più sfavorevole) nel rispetto della norma EN ISO 13857, se del caso realizzando un tunnel di protezione. Vedere la sezione "Analisi per la sicurezza" del Fascicolo Tecnico. I robot antropomorfi saranno componenti di commercio, con propri dispositivi di controllo e comando, certificati a norma EN ISO 10218-1. Ciascun robot antropomorfo sarà dotato di mezzi integrati, software (dispositivi di limitazione non meccanica) e/o hardware (dispositivi di limitazione meccanica), che limitano lo spazio entro la cabina di protezione in cui il robot potrà muoversi, definito spazio ristretto. Lo spazio ristretto verrà determinato in base alle esigenze operative e di sicurezza, considerando anche l'ubicazione delle postazioni di lavoro degli operatori. Nella determinazione dello spazio ristretto di ciascun robot con dispositivi di limitazione non meccanica si terrà conto di: - distanza di arresto associata; - velocità massima del robot; - carico del robot (compreso la pinza di presa e il pezzo in presa). I dispositivi di limitazione dello spazio di movimentazione del robot avranno un livello di prestazione PLr=d con struttura in categoria 3. Vedere la documentazione tecnica dei componenti di commercio raccolta nel Fascicolo Tecnico. Vedere la sezione "Analisi per la sicurezza" del Fascicolo Tecnico per le relazioni dei sistemi di comando legate alla sicurezza e i documenti di validazione degli spazi ristretti di movimentazione dei robot. | R34: Nelle istruzioni dell'impianto si riporterà: - la procedura di accesso alla zona di smerigliatura; - la procedura di sostituzione degli utensili; - la procedura di sostituzione delle pinze porta-pezzo con l'avvertenza di sezionare e scaricare il relativo circuito pneumatico di alimentazione prima di iniziare l'intervento; - l'obbligo di portare con sé la chiave del selettore modale della zona di smerigliatura quando si entra all'interno della cabina di protezione della zona di smerigliatura. | W34: =IF(COUNT(T34:V34)=3,SUM(T34:V34),"") | X34: =IF(OR(S34="",W34=""),"",INDEX(Metodo!$C$6:$G$9,MATCH(S34,Metodo!$B$6:$B$9,0),MATCH(W34,Metodo!$C$5:$G$5,1))) | Y34: Norme A: EN ISO 12100 Norme B: EN ISO 13857; EN 349 | Norme: ISO/TR 14121-2 | Z34: Manca la stima del rischio finale nel documento originale.
A35: LIB-034 | B35: 1.3.7 | C35: Rischi dovuti agli elementi mobili | D35: VRQ-121 | E35: Smerigliatura | F35: Gruppo di smerigliatura (robot + smerigliatrici a nastro) | G35: Se presente robot con smerigliatrici a nastro | H35: Zona di smerigliatura - SOTTOZONA DI LAVORO DI SMERIGLIATURA | I35: Programmazione; Sblocco anomalie. | J35: 1.1.1 Pericolo di schiacciamento 1.1.2 Pericolo di cesoiamento 1.1.3 Pericolo di taglio o di sezionamento 1.1.4 Pericolo di impigliamento 1.1.5 Pericolo di trascinamento o d'intrappolamento 1.1.6 Pericolo di urto 1.1.8 Pericolo di attrito o di abrasione 1.2.1 Forma (elementi taglienti, spigoli vivi, pezzi di forma aguzza anche se sono immobili) 1.2.2 Posizione relativa (può generare zone di schiacciamento, di cesoiamento, di impigliamento, ecc. quando le parti sono in movimento) | K35: 3 | L35: 3 | M35: 3 | N35: 5 | O35: =IF(COUNT(L35:N35)=3,SUM(L35:N35),"") -> 11 | P35: =IF(OR(K35="",O35=""),"",INDEX(Metodo!$C$6:$G$9,MATCH(K35,Metodo!$B$6:$B$9,0),MATCH(O35,Metodo!$C$5:$G$5,1))) -> Richieste | Q35: Per consentire la programmazione di una ricetta, che dovrà essere eseguita da uno dei tre gruppi di smerigliatura, l'operatore addetto alla programmazione dovrà: - posizionare il selettore a chiave di modalità della zona di smerigliatura su "SBLOCCA PORTE"; - posizionare il selettore a chiave di modalità del robot antropomorfo interessato all'intervento su "MANUALE"; - usare il relativo terminale portatile (pendente) del robot, premendo il suo dispositivo di abilitazione a tre posizioni. Ciascun robot sarà dotato di un proprio quadro controller e pendente con cavo. Il robot sarà dotato di selettore modale a chiave, con cui sarà possibile selezionare la modalità “automatica” e manuale in velocità ridotta (T1). Il selettore modale del robot e il pendente saranno dispositivi forniti insieme al robot antropomorfo, il quale è un componente di commercio, certificato ai sensi della norma EN ISO 10218-1. La funzione di selezione della modalità dei robot avrà un livello di prestazione PLr=d con struttura in categoria 3. La funzione di abilitazione dei pendenti avrà un livello di prestazione PLr=d con struttura in categoria 3. La modalità operativa verrà quindi selezionata individualmente per ciascun robot. Quando si seleziona la modalità manuale di un robot: - se in esecuzione, si uscirà dal ciclo di lavoro in corso; - tutte le parti mobili, compresi gli altri due gruppi di smerigliatura (robot e smerigliatrici a nastro), si fermeranno in arresto protettivo; - con il pendente del robot sarà possibile comandare anche le due smerigliatrici a nastro del proprio gruppo (una smerigliatrice alla volta, un asse alla volta e a velocità ridotta - max 33 mm/s, o il nastro). Se il robot sarà dotato anche della modalità manuale ad alta velocità (T2), si avrà anche: - Una distanza minima di 500 mm tra la posizione di arresto calcolata del pericolo e le protezioni perimetrali e le altre attrezzature della zona di smerigliatura che non devono interagire con il robot stesso in modo che non vi sia schiacciamento o intrappolamento. Oppure - Uno spazio all’interno della zona protetta, che possa garantire una distanza minima di 500 mm dalla posizione di arresto calcolata del robot (comprensivo di pinza di presa e prodotto), in cui l’operatore stazionerà per la conduzione con il pendente. Un ulteriore dispositivo facente funzione di abilitazione darà alla logica di controllo la conferma della posizione dell’operatore. Ovvero, i comandi potranno essere dati solo se sia il dispositivo di abilitazione del pendente che il dispositivo scelto di controllo presenza operatore (come ad esempio pedale di comando, tappeto sensibile, ecc.) saranno attivi contemporaneamente. La funzione di abilitazione “controllo posizione operatore” dovrà avere un livello di prestazione PLr=d. Oppure - La modalità manuale ad alta velocità (T2) potrà essere utilizzata solo con operatore all’esterno della zona protetta e con porte di accesso chiuse e bloccate. Verranno date informazioni nelle istruzioni. | R35: Nelle istruzioni dell'impianto si riporta: - Solo personale addestrato alla programmazione dei robot può utilizzare i terminali portatili dei robot; - Solo il personale addetto alla programmazione dei robot può usare la chiave di selezione della modalità di ciascun robot; - La chiave di selezione della modalità di ciascun robot non deve essere mai lasciata sul quadro controller dei robot; - Mai lasciare i robot in modalità manuale. - Quando si è all'interno della cabina di protezione per la programmazione dei robot, indossare tutti i dispositivi di protezione individuale previsti. | S35: 3 | T35: 2 | U35: 2 | V35: 1 | W35: =IF(COUNT(T35:V35)=3,SUM(T35:V35),"") -> 5 | X35: =IF(OR(S35="",W35=""),"",INDEX(Metodo!$C$6:$G$9,MATCH(S35,Metodo!$B$6:$B$9,0),MATCH(W35,Metodo!$C$5:$G$5,1))) -> Suggerite | Y35: Norme A: EN ISO 12100 Norme B: EN ISO 13857; EN 349 | Norme: ISO/TR 14121-2 | Z35: Il rischio finale non è in area verde: verificare se servono altre misure o motivare l'accettazione.
A36: LIB-035 | B36: 1.3.7 | C36: Rischi dovuti agli elementi mobili | D36: VRQ-122 | E36: Smerigliatura | F36: Trasportatore a tappeto di scarico | G36: Se presente trasportatore di scarico | H36: Zona di smerigliatuta - azionamento trasportatore di scarico | I36: Normale. | K36: 1 | L36: 5 | M36: 1 | N36: 1 | O36: =IF(COUNT(L36:N36)=3,SUM(L36:N36),"") -> 7 | P36: =IF(OR(K36="",O36=""),"",INDEX(Metodo!$C$6:$G$9,MATCH(K36,Metodo!$B$6:$B$9,0),MATCH(O36,Metodo!$C$5:$G$5,1))) -> OK | Q36: Il trasportatore a tappeto riceverà e accumulerà i pezzi smerigliati e, avanzando, porterà i pezzi all'esterno della cabina di protezione della zona di smerigliatura. L'operatore addetto alla conduzione dovrà rimuovere manualmente i prodotti dal trasportatore. Il trasportatore di scarico sarà a tappeto. Il trasportatore di scarico avrà un'altezza di circa 1000-1100 mm. Il trasportatore di scarico sarà posizionato a cavallo tra la sottozona di smerigliatura e la sottozona di scarico. Per il varco realizzato sulla cabina di protezione per l'uscita dei pezzi, vedere la scheda di valutazione VRQ-120 del presente requisito. Il motoriduttore di azionamento sarà calettato direttamente al rullo motore di traino del tappeto del trasportatore di scarico. | W36: =IF(COUNT(T36:V36)=3,SUM(T36:V36),"") | X36: =IF(OR(S36="",W36=""),"",INDEX(Metodo!$C$6:$G$9,MATCH(S36,Metodo!$B$6:$B$9,0),MATCH(W36,Metodo!$C$5:$G$5,1))) | Y36: Norme A: EN ISO 12100 Norme B: EN ISO 13857; EN 349 | Norme: ISO/TR 14121-2 | Z36: Manca la stima del rischio finale nel documento originale.
A37: LIB-036 | B37: 1.3.7 | C37: Rischi dovuti agli elementi mobili | D37: VRQ-200 | E37: Pulitura | F37: Zona pulitura – generale | G37: Se presente zona di pulitura | H37: Zona di pulitura | I37: Normale; manutenzione; situazione di emergenza; regolazione / attrezzamento; sblocco anomalie; regolazione; programmazione. | O37: =IF(COUNT(L37:N37)=3,SUM(L37:N37),"") | P37: =IF(OR(K37="",O37=""),"",INDEX(Metodo!$C$6:$G$9,MATCH(K37,Metodo!$B$6:$B$9,0),MATCH(O37,Metodo!$C$5:$G$5,1))) | Q37: La zona di pulitura eseguirà l'ultima fase lavorativa sui componenti di rubinetteria. La zona di pulitura sarà costituita dai seguenti elementi: - Tavola rotante con 5 gruppi porta-pezzi; - nr. 4 unità di lucidatura CNC; - Impianto della pasta abrasiva a servizio delle stazioni di lucidatura. La zona di pulitura sarà racchiusa con una cabina di protezione con porte di accesso interbloccate. Sulle porte di accesso, verrà apposto il cartello di avvertenza di "divieto di accesso alle persone non autorizzate". La tavola rotante porterà i pezzi da lavorare (in presa sui suoi cinque gruppi porta-pezzi) in corrispondenza delle unità di smerigliatura CNC e in posizione di carico/scarico. In questo modo, ogni pezzo subirà in ordine la sequenza di pulitura prevista da programma, per ritornare poi alla posizione iniziale, dove verrà prelevato manualmente dall'operatore addetto alla conduzione. In altre parole, il ciclo di lavoro della zona di pulitura consisterà nei seguenti passi, considerando tutti i gruppi porta-pezzo della tavola con un pezzo da lavorare in presa: - Rotazione della tavola rotante di un passo; - Esecuzione del ciclo di lucidatura previsto di tutte e quattro le unità di lucidatura in coordinamento con il corrispondente gruppo porta-pezzo; - Durante l'esecuzione dei cicli di lucidatura, scarico del prodotto lavorato e carico di uno nuovo da lavorare sul gruppo porta-pezzo della tavola in posizione di carico/scarico; - Al termine del proprio ciclo di lucidatura l'unità di lucidatura CNC e il relativo gruppo porta-pezzo si portano in posizione di inizio ciclo; - Una volta che tutte le stazioni di lavoro hanno terminato il loro ciclo di lavoro, la sequenza si ripeterà dal primo passo. La posizione di carico/scarico della tavola rotante sarà in corrispondenza di un varco, dimensionato per consentire all'operatore di introdurre le mani e raggiungere il solo gruppo porta-pezzo interessato all'operazione (vedere VRQ-210 e VRQ-211 del presente RESS). Segnaletica 2.2.4 Vietato l'accesso | W37: =IF(COUNT(T37:V37)=3,SUM(T37:V37),"") | X37: =IF(OR(S37="",W37=""),"",INDEX(Metodo!$C$6:$G$9,MATCH(S37,Metodo!$B$6:$B$9,0),MATCH(W37,Metodo!$C$5:$G$5,1))) | Y37: Norme A: EN ISO 12100 Norme B: EN ISO 13857; EN 349 | Norme: ISO/TR 14121-2 | Z37: Scheda descrittiva, senza stima del rischio.
A38: LIB-037 | B38: 1.3.7 | C38: Rischi dovuti agli elementi mobili | D38: VRQ-210 | E38: Pulitura | F38: Tavola rotante – carico/scarico | G38: Se presente tavola rotante con carico/scarico manuale | H38: Postazione di carico/scarico della zona di pulitura Posizione di carico/scarico del gruppo porta-pezzo della tavola rotante | I38: Normale. | J38: 1.1.1 Pericolo di schiacciamento 1.1.2 Pericolo di cesoiamento 1.1.4 Pericolo di impigliamento 1.1.6 Pericolo di urto 1.2.1 Forma (elementi taglienti, spigoli vivi, pezzi di forma aguzza anche se sono immobili) 1.2.2 Posizione relativa (può generare zone di schiacciamento, di cesoiamento, di impigliamento, ecc. quando le parti sono in movimento) | K38: 2 | L38: 5 | M38: 4 | N38: 5 | O38: =IF(COUNT(L38:N38)=3,SUM(L38:N38),"") -> 14 | P38: =IF(OR(K38="",O38=""),"",INDEX(Metodo!$C$6:$G$9,MATCH(K38,Metodo!$B$6:$B$9,0),MATCH(O38,Metodo!$C$5:$G$5,1))) -> Richieste | Q38: Ad ogni passo di rotazione della tavola rotante, i pezzi in presa sui gruppi porta-pezzo della tavola stessa, verranno portati in corrispondenza delle unità di lucidatura CNC e della posizione di carico /scarico. La posizione di carico/scarico sarà di fronte a una porta di accesso interbloccata della cabina di protezione della zona di pulitura, la quale avrà un varco protetto da barriera fotoelettrica, attraverso il quale l'operatore potrà accedere al solo gruppo porta-pezzo della tavola da caricare/scaricare. Questo sistema consentirà le operazioni manuali di carico/scarico dei pezzi sulla tavola rotante, mantenendo attivo il ciclo di lavoro automatico della zona di pulitura. Il varco sarà posizionato ad una altezza da terra e avrà dimensioni tali da non consentire di raggiungere gli organi mobili delle altre stazioni di lavoro all'interno della zona di lucidatura che rimangono attive, nel rispetto della norma EN ISO 13857. Inoltre, intorno al gruppo porta-pezzo della tavola rotante in posizione di carico/scarico vi sarà una protezione flessibile (tenda) che impedisce la fuoriuscita di materiale o pezzo dal varco per il carico/scarico (vedere RESS 1.3.3). Questa protezione farà da ostacolo a raggiungere le altre stazioni di lavoro dal varco di carico/scarico. L'intera altezza del varco sarà coperta dal fascio protettivo della barriera fotoelettrica. Non sarà quindi possibile accedere attraverso il varco da nessun altro lato, superiormente, lateralmente e così via. In generale, la violazione del fascio della barriera fotoelettrica comporterà un arresto di emergenza dell'intera zona di pulitura. La funzione di arresto della zona di pulitura data dalla barriera fotoelettrica dovrà avere un livello di prestazione PLr=d. Una volta che la tavola rotante avrà eseguito la rotazione di un passo, la logica di controllo segnalerà all'operatore la possibilità di accedere attraverso il varco protetto senza comportare un arresto di emergenza della zona di pulitura. In questa condizione, la tavola rotante sarà in arresto sicuro e non sarà possibile l'avviamento della rotazione della tavola, finché il fascio della barriera sarà interrotto. La barriera fotoelettrica verrà utilizzata per il riavvio del ciclo: una volta completate le operazioni di scarico e carico pezzo (che possono comportare una o due violazioni consecutive del fascio, a seconda delle impostazioni su pannello di controllo), alla rimozione della violazione della barriera, la tavola potrà eseguire il passo, sempre che tutte le unità di lucidatura abbiano terminato il proprio ciclo. In base a quanto sopra descritto, la barriera fotoelettrica: - Sarà posizionata ad una distanza minima dagli elementi pericolosi calcola secondo l'equazione (3) della norma di riferimento EN ISO 13855; - Avrà una capacità di rilevamento inferiore o uguale a 30 mm; - Se la capacità di rilevamento della barriera sarà inferiore o uguale a 14 mm, la distanza minima sarà maggiore di 100 mm (anche se l'equazione di calcolo darà un valore più basso). Se la capacità di rilevamento sarà superiore (e comunque non più di 30 mm), la distanza minima sarà maggiore di 150 mm. Vedere la sezione "Disegni" del fascicolo tecnico. Vedere la sezione "Analisi di sicurezza" del fascicolo tecnico per i tempi di arresto e le distanze di sicurezza calcolate. | S38: 2 | T38: 5 | U38: 1 | V38: 1 | W38: =IF(COUNT(T38:V38)=3,SUM(T38:V38),"") -> 7 | X38: =IF(OR(S38="",W38=""),"",INDEX(Metodo!$C$6:$G$9,MATCH(S38,Metodo!$B$6:$B$9,0),MATCH(W38,Metodo!$C$5:$G$5,1))) -> OK | Y38: Norme A: EN ISO 12100 Norme B: EN ISO 13857; EN 349 | Norme: ISO/TR 14121-2
A39: LIB-038 | B39: 1.3.7 | C39: Rischi dovuti agli elementi mobili | D39: VRQ-211 | E39: Pulitura | F39: Tavola rotante – carico/scarico | G39: Se presente tavola rotante con carico/scarico manuale | H39: Pinza di presa del gruppo porta-pezzo della tavola rotante in posizione di carico/scarico | I39: Normale. | J39: 1.1.1 Pericolo di schiacciamento 1.1.4 Pericolo di impigliamento | K39: 1 | L39: 5 | M39: 3 | N39: 3 | O39: =IF(COUNT(L39:N39)=3,SUM(L39:N39),"") -> 11 | P39: =IF(OR(K39="",O39=""),"",INDEX(Metodo!$C$6:$G$9,MATCH(K39,Metodo!$B$6:$B$9,0),MATCH(O39,Metodo!$C$5:$G$5,1))) -> Suggerite | Q39: Per consentire le operazioni manuali di carico/scarico dei pezzi sulla tavola rotante, nella postazione dell'operatore vi sarà un pedale di comando (le mani saranno libere di manipolare il prodotto) per comandare l'apertura (o la chiusura) della pinza di presa del prodotto del gruppo porta-pezzo della tavola rotante in posizione di carico/scarico. Il comando a pedale sarà ad azione mantenuta, ovvero la pinza di persa sarà "aperta" a ricevere il pezzo fintantoché il pedale viene premuto. Gli elementi mobili delle pinze, in posizione di fermo (disalimentazione / fine corsa), avranno una distanza di almeno 6 mm per evitare il pericolo di schiacciamento delle dita. | S39: 1 | T39: 5 | U39: 1 | V39: 1 | W39: =IF(COUNT(T39:V39)=3,SUM(T39:V39),"") -> 7 | X39: =IF(OR(S39="",W39=""),"",INDEX(Metodo!$C$6:$G$9,MATCH(S39,Metodo!$B$6:$B$9,0),MATCH(W39,Metodo!$C$5:$G$5,1))) -> OK | Y39: Norme A: EN ISO 12100 Norme B: EN ISO 13857; EN 349 | Norme: ISO/TR 14121-2
A40: LIB-039 | B40: 1.3.7 | C40: Rischi dovuti agli elementi mobili | D40: VRQ-220 | E40: Pulitura | F40: Unità di lucidatura CNC | G40: Se presenti unità di lucidatura CNC | H40: Zona di pulitura - Zona di lavoro di pulitura | I40: Normale; regolazione / attrezzamento. | J40: 1.1.1 Pericolo di schiacciamento 1.1.2 Pericolo di cesoiamento 1.1.3 Pericolo di taglio o di sezionamento 1.1.4 Pericolo di impigliamento 1.1.6 Pericolo di urto 1.1.8 Pericolo di attrito o di abrasione 1.2.2 Posizione relativa (può generare zone di schiacciamento, di cesoiamento, di impigliamento, ecc. quando le parti sono in movimento) | K40: 3 | L40: 5 | M40: 3 | N40: 5 | O40: =IF(COUNT(L40:N40)=3,SUM(L40:N40),"") -> 13 | P40: =IF(OR(K40="",O40=""),"",INDEX(Metodo!$C$6:$G$9,MATCH(K40,Metodo!$B$6:$B$9,0),MATCH(O40,Metodo!$C$5:$G$5,1))) -> Richieste | Q40: La zona di pulitura comprenderà tutti quegli elementi dell'impianto necessari alle ultime fasi di lavorazione dei pezzi, ovvero la loro lucidatura. Gli elementi mobili della zona di pulitura saranno: - La tavola rotante a 5 step (divisore); - I 5 gruppi porta-pezzo della tavola rotante (assi M, assi R); - Apri/chiudi porta-pezzo montati sui gruppi porta-pezzo della tavola rotante; - Le quattro unità di lucidatura CNC (assi X-Y-W, asse U, asse Z, rotazione della spazzola). La zona di lavoro di pulitura sarà circoscritta da ripari fissi, ovvero dalla cabina di protezione della zona di pulitura. Per accedere alla zona di pulitura saranno presenti una serie di porte di accesso (a battente o scorrevoli) interbloccate con bloccaggio del riparo. Per quanto riguarda le porte di accesso alla zona di pulitura, vedere anche la scheda di valutazione VRQ-200 del RESS 1.4.1 e il RESS 1.4.2.2. Durante il normale funzionamento della zona di pulitura (sia in modalità automatica che manuale), qualsiasi movimento o attuatore potrà essere attivato solo ed esclusivamente con le porte interbloccate di accesso all'intera zona di lavoro di pulitura chiuse e bloccate. Per accedere alla zona di lavoro di pulitura sarà necessario posizionare il selettore a chiave di modalità su "SBLOCCO PORTE". In questa condizione: - tutte le utenze elettriche della zona di pulitura saranno in arresto sicuro e per la ripartenza sarà richiesto un ripristino manuale (vedere RESS 1.2.3); - i circuiti pneumatici rimarranno in pressione al fine di mantenere stabili le utenze pneumatiche, come la presa dei pezzi nelle pinze ad azione positiva. Con le porte interbloccate aperte della zona di lavoro di pulitura, l'operatore potrà effettuare in sicurezza le operazioni di sostituzione degli utensili. Per quanto riguarda la sostituzione delle pinze porta-pezzo, invece, sarà necessario, preliminarmente, scaricare completamente il circuito pneumatico di alimentazione di tutte le pinze porta-pezzo. Vengono date informazioni nelle istruzioni d'uso. Per quanto riguarda il varco per il posizionamento e la rimozione manuale di un pezzo sulla tavola rotante (carico/scarico), vedere quanto indicato nella scheda di valutazione VRQ-210 del presente requisito. Gli assi delle unità di lucidatura avranno finecorsa meccanici e non meccanici. | R40: Nelle istruzioni dell'impianto si riporterà: - la procedura di accesso alla zona di lavoro di pulitura; - la procedura di sostituzione degli utensili; - la procedura di sostituzione delle pinze porta-pezzo con l'avvertenza di sezionare e scaricare il relativo circuito pneumatico di alimentazione prima di iniziare l'intervento; - l'obbligo di portare con sé la chiave del selettore modale della zona di pulitura quando si entra all'interno della cabina di protezione della zona di pulitura. | S40: 3 | T40: 2 | U40: 1 | V40: 1 | W40: =IF(COUNT(T40:V40)=3,SUM(T40:V40),"") -> 4 | X40: =IF(OR(S40="",W40=""),"",INDEX(Metodo!$C$6:$G$9,MATCH(S40,Metodo!$B$6:$B$9,0),MATCH(W40,Metodo!$C$5:$G$5,1))) -> OK | Y40: Norme A: EN ISO 12100 Norme B: EN ISO 13857; EN 349 | Norme: ISO/TR 14121-2
A41: LIB-040 | B41: 1.3.7 | C41: Rischi dovuti agli elementi mobili | D41: VRQ-221 | E41: Pulitura | F41: Unità di lucidatura CNC | G41: Se presenti unità di lucidatura CNC | H41: Zona di pulitura | I41: Programmazione; Sblocco anomalie. | J41: 1.1.1 Pericolo di schiacciamento 1.1.2 Pericolo di cesoiamento 1.1.3 Pericolo di taglio o di sezionamento 1.1.4 Pericolo di impigliamento 1.1.5 Pericolo di trascinamento o d'intrappolamento 1.1.6 Pericolo di urto 1.1.8 Pericolo di attrito o di abrasione 1.2.1 Forma (elementi taglienti, spigoli vivi, pezzi di forma aguzza anche se sono immobili) 1.2.2 Posizione relativa (può generare zone di schiacciamento, di cesoiamento, di impigliamento, ecc. quando le parti sono in movimento) | K41: 3 | L41: 3 | M41: 2 | N41: 5 | O41: =IF(COUNT(L41:N41)=3,SUM(L41:N41),"") -> 10 | P41: =IF(OR(K41="",O41=""),"",INDEX(Metodo!$C$6:$G$9,MATCH(K41,Metodo!$B$6:$B$9,0),MATCH(O41,Metodo!$C$5:$G$5,1))) -> Richieste | Q41: Per consentire la programmazione di una ricetta, che dovrà essere eseguita da una delle unità di lucidatura, l'operatore addetto alla programmazione dovrà: - posizionare il selettore a chiave di modalità della zona di pulitura su "SBLOCCO PORTE"; - usare il relativo terminale portatile della zona di pulitura, attivando il suo dispositivo di abilitazione a tre posizioni; - inserire le credenziali di riconoscimento di utente di alto livello per poter impostare la modalità di programmazione. La funzione di selezione della modalità di programmazione avrà un livello di prestazione PLr=d. La funzione di abilitazione del terminale portatile avrà un livello di prestazione PLr=d. Per la tipologia di lavorazioni svolte dall’impianto, l’operatore addetto alla programmazione ha la necessità di operare in prossimità degli organi mobili, in modo da verificare non solo la correttezza della ricetta che deve creare, ma anche la qualità delle operazioni di lucidatura svolte, garantendo la precisione delle lavorazioni sul pezzo. Per questo motivo, in modalità TEST, verrà prevista la possibilità di: - Comandare la movimentazione di una sola stazione di lavoro alla volta, con anche la rotazione della spazzola alla massima velocità; - Eseguire il test in continuo. Non sarà prevista, invece, la possibilità di muovere la tavola rotante, la quale rimarrà in condizione di arresto sicuro. Le credenziali di utenti di alto livello per l'uso del software di gestione dell'impianto verranno date solo a personale specializzato che abbia seguito i corsi di addestramento. | R41: Nelle istruzioni dell'impianto si riporterà: - Solo personale addestrato può utilizzare il terminale portatile per la movimentazione delle parti della zona di pulitura all’interno dell’area protetta (riconosciuto tramite credenziali di accesso); - Durante le manovre in test, mai porsi all’interno dello spazio di azione della stazione di lavoro. Mantenersi sempre a distanza di sicurezza. | S41: 3 | T41: 2 | U41: 2 | V41: 1 | W41: =IF(COUNT(T41:V41)=3,SUM(T41:V41),"") -> 5 | X41: =IF(OR(S41="",W41=""),"",INDEX(Metodo!$C$6:$G$9,MATCH(S41,Metodo!$B$6:$B$9,0),MATCH(W41,Metodo!$C$5:$G$5,1))) -> Suggerite | Y41: Norme A: EN ISO 12100 Norme B: EN ISO 13857; EN 349 | Norme: ISO/TR 14121-2 | Z41: Il rischio finale non è in area verde: verificare se servono altre misure o motivare l'accettazione.
A42: LIB-041 | B42: 1.3.8.1 | C42: Elementi mobili di trasmissione | D42: VRQ-001 | E42: Impianto | F42: Generale impianto | G42: Sempre | I42: Non specificata. | O42: =IF(COUNT(L42:N42)=3,SUM(L42:N42),"") | P42: =IF(OR(K42="",O42=""),"",INDEX(Metodo!$C$6:$G$9,MATCH(K42,Metodo!$B$6:$B$9,0),MATCH(O42,Metodo!$C$5:$G$5,1))) | Q42: Tutti gli elementi mobili di trasmissione delle parti dell'impianto saranno ubicati all'interno delle cabine di protezione. Tutti gli elementi mobili di trasmissione saranno costituiti da aste cilindriche e bussole a ricircolo di sfere, azionate da una vite a ricircolo di sfere (messa in rotazione da un servomotore con riduttore) oppure, nel caso della stazione di carico della zona di smerigliatura, da un cilindro pneumatico. Questi sistemi di trasmissione e azionamento saranno coperti da soffietti in modo da proteggerli dalle polveri e dalle sostanze prodotte nella lavorazione. Le tavole rotanti (dispositivi per il passaggio del pezzo da un gruppo di smerigliatura a un altro, tavola rotante a 5 step) saranno chiuse da ripari fissi. | W42: =IF(COUNT(T42:V42)=3,SUM(T42:V42),"") | X42: =IF(OR(S42="",W42=""),"",INDEX(Metodo!$C$6:$G$9,MATCH(S42,Metodo!$B$6:$B$9,0),MATCH(W42,Metodo!$C$5:$G$5,1))) | Y42: Norme A: EN ISO 12100 | Norme: ISO/TR 14121-2 | Z42: Scheda descrittiva, senza stima del rischio.
A43: LIB-042 | B43: 1.3.8.2 | C43: Elementi mobili che partecipano alla lavorazione | D43: VRQ-001 | E43: Impianto | F43: Generale impianto | G43: Sempre | I43: Non specificata. | O43: =IF(COUNT(L43:N43)=3,SUM(L43:N43),"") | P43: =IF(OR(K43="",O43=""),"",INDEX(Metodo!$C$6:$G$9,MATCH(K43,Metodo!$B$6:$B$9,0),MATCH(O43,Metodo!$C$5:$G$5,1))) | Q43: Tutti gli elementi mobili che parteciperanno alla lavorazione saranno all'interno delle cabine di protezione con porte di accesso interbloccate. Le cabine di protezione saranno realizzate principalmente con pannelli fonoassorbenti e finestre in vetro antisfondamento per la visione della zona interna. Per quanto riguarda le spazzole, queste sono ulteriormente racchiuse da cuffie di protezione, con bocca per il collegamento all'aspirazione. | W43: =IF(COUNT(T43:V43)=3,SUM(T43:V43),"") | X43: =IF(OR(S43="",W43=""),"",INDEX(Metodo!$C$6:$G$9,MATCH(S43,Metodo!$B$6:$B$9,0),MATCH(W43,Metodo!$C$5:$G$5,1))) | Y43: Norme A: EN ISO 12100 | Norme: ISO/TR 14121-2 | Z43: Scheda descrittiva, senza stima del rischio.
A44: LIB-043 | B44: 1.3.9 | C44: Rischi di movimenti incontrollati | D44: VRQ-001 | E44: Impianto | F44: Generale impianto | G44: Sempre | H44: Tutte le zone interne dell'impianto in prossimità di alcuni assi delle stazioni di lavoro e delle spazzole | I44: Normale; regolazione / attrezzamento. | J44: 1.1.1 Pericolo di schiacciamento 1.1.6 Pericolo di urto 1.2.2 Posizione relativa (può generare zone di schiacciamento, di cesoiamento, di impigliamento, ecc. quando le parti sono in movimento) | K44: 2 | L44: 4 | M44: 3 | N44: 5 | O44: =IF(COUNT(L44:N44)=3,SUM(L44:N44),"") -> 12 | P44: =IF(OR(K44="",O44=""),"",INDEX(Metodo!$C$6:$G$9,MATCH(K44,Metodo!$B$6:$B$9,0),MATCH(O44,Metodo!$C$5:$G$5,1))) -> Richieste | Q44: Tutte le parti "motorizzate" delle zone dell'impianto saranno racchiuse all'interno di una cabina di protezione con porte di accesso interbloccate. Il dispositivo di interblocco associato alle porte asrà con bloccaggio del riparo, del tipo "power to release" (fornire alimentazione per sbloccare). Per quanto riguarda le spazzole delle lucidatrici e le ruote di trascinamento con nastro abrasivo, queste, in caso di arresto (ad esempio per emergenza) richiederanno un certo lasso di tempo perché si fermino. Non si ritiene che questo possa comportare un rischio rilevante, sia per la gravità del danno che è bassa (abrasione), è movimento molto percepibile da parte dell'operatore qualora si avvicini alla stazione di lavoro. Tutti gli assi di movimentazione verticale (W) o di inclinazione (Z e R, U delle unità CNC) saranno dotati di motori auto-frenanti. | S44: 2 | T44: 2 | U44: 1 | V44: 1 | W44: =IF(COUNT(T44:V44)=3,SUM(T44:V44),"") -> 4 | X44: =IF(OR(S44="",W44=""),"",INDEX(Metodo!$C$6:$G$9,MATCH(S44,Metodo!$B$6:$B$9,0),MATCH(W44,Metodo!$C$5:$G$5,1))) -> OK | Y44: Norme A: EN ISO 12100 | Norme: ISO/TR 14121-2
A45: LIB-044 | B45: 1.4.1 | C45: Requisiti generali | D45: VRQ-001 | E45: Impianto | F45: Cabina di protezione e ripari | G45: Se presente cabina con porte di accesso | I45: Non specificata. | O45: =IF(COUNT(L45:N45)=3,SUM(L45:N45),"") | P45: =IF(OR(K45="",O45=""),"",INDEX(Metodo!$C$6:$G$9,MATCH(K45,Metodo!$B$6:$B$9,0),MATCH(O45,Metodo!$C$5:$G$5,1))) | Q45: L’Impianto di smerigliatura e lucidatura rubinetteria viene progettato per eseguire in modo automatico le operazioni di smerigliatura e, successivamente, di pulitura di componenti di rubinetteria. L'impianto sarà realizzato con due zone di lavoro, di smerigliatura e di pulitura, ognuna con una propria cabina di protezione e fonti di alimentazione. La zona di smerigliatura sarà costituita dai seguenti elementi: - Stazione di carico a doppio pallet; - nr. 3 gruppi di smerigliatura, costituiti da un robot antropomorfo e due smerigliatrici a nastro; - nr. 2 dispositivi per il passaggio del pezzo da un gruppo di smerigliatura a un altro; - Trasportatore a tappeto di scarico. La zona di pulitura sarà costituita dai seguenti elementi: - Tavola rotante con 5 gruppi porta-pezzi; - nr. 4 unità di lucidatura CNC; - Impianto della pasta abrasiva a servizio delle stazioni di lucidatura. | W45: =IF(COUNT(T45:V45)=3,SUM(T45:V45),"") | X45: =IF(OR(S45="",W45=""),"",INDEX(Metodo!$C$6:$G$9,MATCH(S45,Metodo!$B$6:$B$9,0),MATCH(W45,Metodo!$C$5:$G$5,1))) | Y45: Norme A: EN ISO 12100 Norme B: EN ISO 13857; EN ISO 13855; EN ISO 14120 | Norme: ISO/TR 14121-2 | Z45: Scheda descrittiva, senza stima del rischio.
A46: LIB-045 | B46: 1.4.1 | C46: Requisiti generali | D46: VRQ-100 | E46: Smerigliatura | F46: Cabina di protezione e ripari | G46: Se presente cabina con porte di accesso | H46: Cabina di protezione avente varchi e porte di accesso interbloccate della zona di smerigliatura | I46: Normale. | J46: 1.1.1 Pericolo di schiacciamento 1.1.6 Pericolo di urto 1.2.2 Posizione relativa (può generare zone di schiacciamento, di cesoiamento, di impigliamento, ecc. quando le parti sono in movimento) | K46: 3 | L46: 4 | M46: 3 | N46: 5 | O46: =IF(COUNT(L46:N46)=3,SUM(L46:N46),"") -> 12 | P46: =IF(OR(K46="",O46=""),"",INDEX(Metodo!$C$6:$G$9,MATCH(K46,Metodo!$B$6:$B$9,0),MATCH(O46,Metodo!$C$5:$G$5,1))) -> Richieste | Q46: La cabina di protezione della zona di smerigliatura sarà realizzata con pannelli fonoassorbenti e finestre in vetro antisfondamento per la visione della zona interna. Lo spazio circoscritto dalla cabina verrà ulteriormente diviso con pannellature per suddividerlo ulteriormente nelle seguenti sottozone: - Sottozona di carico; - Sottozona di lavoro di smerigliatura. Tra la sottozona di carico e la sottozona di lavoro di smerigliatura è presente un varco per il passaggio dei carrelli mobili con i pallet porta-pezzi. Il varco verrà realizzato secondo quanto indicato alla scheda di valutazione VRQ-110 del RESS 1.3.7. Sul lato sinistro della sottozona di smerigliatura sarà presente un varco per il passaggio dei pezzi lavorati trasportati dal nastro di scarico. Il varco verrà realizzato secondo quanto indicato alla scheda di valutazione VRQ-120 del RESS 1.3.7. La struttura e gli elementi della cabina di protezione saranno robusti e fissati solidamente. La cabina permetterà anche il contenimento delle emissioni provocate durante la smerigliatura e un'eventuale proiezione di materiali. Tutte le porte di accesso della cabina di protezione della zona di smerigliatura saranno munite di interruttori di interblocco con bloccaggio del riparo e con pulsante antipanico di sblocco dall'interno. I dispositivi di interblocco rispetteranno la norma EN ISO 14119, tra cui i requisiti di non elusione. | W46: =IF(COUNT(T46:V46)=3,SUM(T46:V46),"") | X46: =IF(OR(S46="",W46=""),"",INDEX(Metodo!$C$6:$G$9,MATCH(S46,Metodo!$B$6:$B$9,0),MATCH(W46,Metodo!$C$5:$G$5,1))) | Y46: Norme A: EN ISO 12100 Norme B: EN ISO 13857; EN ISO 13855; EN ISO 14120 | Norme: ISO/TR 14121-2 | Z46: Manca la stima del rischio finale nel documento originale.
A47: LIB-046 | B47: 1.4.1 | C47: Requisiti generali | D47: VRQ-110 | E47: Smerigliatura | F47: Stazione di carico a doppio pallet | G47: Se presente stazione di carico a pallet | H47: Zona pericolosa protetta dalla porta di accesso alla sottozona di carico | I47: Normale. | J47: 1.1.1 Pericolo di schiacciamento | K47: 1 | L47: 5 | M47: 2 | N47: 1 | O47: =IF(COUNT(L47:N47)=3,SUM(L47:N47),"") -> 8 | P47: =IF(OR(K47="",O47=""),"",INDEX(Metodo!$C$6:$G$9,MATCH(K47,Metodo!$B$6:$B$9,0),MATCH(O47,Metodo!$C$5:$G$5,1))) -> OK | Q47: La porta di accesso alla sottozona di carico sarà scorrevole verticalmente. Una volta sbloccata, l'operatore potrà sollevare/abbassare la porta sfruttando le maniglie di presa poste su di essa. La porta sarà collegata a un sistema di contrappesi con cavetti in acciaio, sia per mantenerla in posizione sollevata senza il rischio che questa scendi, e sia per agevolare la manovra di apertura/chiusura da parte dell'operatore. Vedere documentazione dei componenti di commercio all'interno del Fascicolo Tecnico. Segnaletica 3.8 Wear safety footwear | W47: =IF(COUNT(T47:V47)=3,SUM(T47:V47),"") | X47: =IF(OR(S47="",W47=""),"",INDEX(Metodo!$C$6:$G$9,MATCH(S47,Metodo!$B$6:$B$9,0),MATCH(W47,Metodo!$C$5:$G$5,1))) | Y47: Norme A: EN ISO 12100 Norme B: EN ISO 13857; EN ISO 13855; EN ISO 14120 | Norme: ISO/TR 14121-2 | Z47: Manca la stima del rischio finale nel documento originale.
A48: LIB-047 | B48: 1.4.1 | C48: Requisiti generali | D48: VRQ-200 | E48: Pulitura | F48: Cabina di protezione e ripari | G48: Se presente cabina con porte di accesso | H48: Cabina di protezione avente varco e porte di accesso interbloccate della zona di pulitura | I48: Normale. | J48: 1.1.1 Pericolo di schiacciamento 1.1.6 Pericolo di urto 1.2.2 Posizione relativa (può generare zone di schiacciamento, di cesoiamento, di impigliamento, ecc. quando le parti sono in movimento) | K48: 3 | L48: 4 | M48: 3 | N48: 5 | O48: =IF(COUNT(L48:N48)=3,SUM(L48:N48),"") -> 12 | P48: =IF(OR(K48="",O48=""),"",INDEX(Metodo!$C$6:$G$9,MATCH(K48,Metodo!$B$6:$B$9,0),MATCH(O48,Metodo!$C$5:$G$5,1))) -> Richieste | Q48: La cabina di protezione della zona di pulitura sarà realizzata con pannelli fonoassorbenti e finestre in vetro antisfondamento per la visione della zona interna. Sul lato destro della zona di pulitura, in corrispondenza della posizione di carico/scarico della tavola rotante sarà presente un varco per consentire all'operatore di eseguire le operazioni manuali di scarico e carico pezzo. Il varco verrà realizzato secondo quanto indicato alla scheda di valutazione VRQ-210 del RESS 1.3.7. La barriera fotoelettrica a protezione del varco sarà posizionata in modo tale che non sarà possibile non violare il fascio di protezione passando sopra/sotto o lateralmente alla barriera. La struttura e gli elementi della cabina di protezione saranno robusti e fissati solidamente. La cabina permetterà anche il contenimento delle emissioni provocate durante la lucidatura e un'eventuale proiezione di materiali. Tutte le porte di accesso della cabina di protezione della zona di pulitura saranno munite di interruttori di interblocco con bloccaggio del riparo e con pulsante antipanico di sblocco dall'interno. I dispositivi di interblocco rispetteranno la norma EN ISO 14119, tra cui i requisiti di non elusione (vedere Figura 31). | S48: 3 | T48: 2 | U48: 1 | V48: 1 | W48: =IF(COUNT(T48:V48)=3,SUM(T48:V48),"") -> 4 | X48: =IF(OR(S48="",W48=""),"",INDEX(Metodo!$C$6:$G$9,MATCH(S48,Metodo!$B$6:$B$9,0),MATCH(W48,Metodo!$C$5:$G$5,1))) -> OK | Y48: Norme A: EN ISO 12100 Norme B: EN ISO 13857; EN ISO 13855; EN ISO 14120 | Norme: ISO/TR 14121-2
A49: LIB-048 | B49: 1.4.1 | C49: Requisiti generali | D49: VRQ-210 | E49: Pulitura | F49: Tavola rotante – carico/scarico | G49: Se presente tavola rotante con carico/scarico manuale | H49: Zona di pulitura - Elementi mobili protetti da ripari locali | I49: Normale. | J49: 1.1.1 Pericolo di schiacciamento 1.1.4 Pericolo di impigliamento | K49: 2 | L49: 4 | M49: 3 | N49: 5 | O49: =IF(COUNT(L49:N49)=3,SUM(L49:N49),"") -> 12 | P49: =IF(OR(K49="",O49=""),"",INDEX(Metodo!$C$6:$G$9,MATCH(K49,Metodo!$B$6:$B$9,0),MATCH(O49,Metodo!$C$5:$G$5,1))) -> Richieste | Q49: Le unità di lucidatura dalla zona di pulitura saranno dotate di cuffie di protezione delle proprie spazzole con bocchetta per l'aspirazione delle sostanze prodotte durante la lavorazione. Le cuffie saranno realizzate in metallo di adeguato spessore e fissate solidalmente alla struttura portante delle stesse, con una parte regolabile/rimovibile per consentire la sostituzione della spazzola. Gli organi della tavola rotante sono chiusi da pannellature in metallo. | S49: 2 | T49: 2 | U49: 1 | V49: 1 | W49: =IF(COUNT(T49:V49)=3,SUM(T49:V49),"") -> 4 | X49: =IF(OR(S49="",W49=""),"",INDEX(Metodo!$C$6:$G$9,MATCH(S49,Metodo!$B$6:$B$9,0),MATCH(W49,Metodo!$C$5:$G$5,1))) -> OK | Y49: Norme A: EN ISO 12100 Norme B: EN ISO 13857; EN ISO 13855; EN ISO 14120 | Norme: ISO/TR 14121-2
A50: LIB-049 | B50: 1.4.2.1 | C50: Ripari fissi | D50: VRQ-001 | E50: Impianto | F50: Cabina di protezione e ripari | G50: Se presente cabina con porte di accesso | I50: Non specificata. | O50: =IF(COUNT(L50:N50)=3,SUM(L50:N50),"") | P50: =IF(OR(K50="",O50=""),"",INDEX(Metodo!$C$6:$G$9,MATCH(K50,Metodo!$B$6:$B$9,0),MATCH(O50,Metodo!$C$5:$G$5,1))) | Q50: Tutti i ripari fissi dell'impianto, sia perimetrali, locali che distanziatori, saranno fissati con mezzi che richiedono l'uso di utensili per la loro apertura o smontaggio. | W50: =IF(COUNT(T50:V50)=3,SUM(T50:V50),"") | X50: =IF(OR(S50="",W50=""),"",INDEX(Metodo!$C$6:$G$9,MATCH(S50,Metodo!$B$6:$B$9,0),MATCH(W50,Metodo!$C$5:$G$5,1))) | Y50: Norme A: EN ISO 12100 Norme B: EN ISO 14120 | Norme: ISO/TR 14121-2 | Z50: Scheda descrittiva, senza stima del rischio.
A51: LIB-050 | B51: 1.4.2.2 | C51: Ripari mobili interbloccati | D51: VRQ-001 | E51: Impianto | F51: Cabina di protezione e ripari | G51: Se presente cabina con porte di accesso | I51: Non specificata. | O51: =IF(COUNT(L51:N51)=3,SUM(L51:N51),"") | P51: =IF(OR(K51="",O51=""),"",INDEX(Metodo!$C$6:$G$9,MATCH(K51,Metodo!$B$6:$B$9,0),MATCH(O51,Metodo!$C$5:$G$5,1))) | Q51: Le porte di accesso alle cabine di protezione saranno ripari mobili interbloccati dell'impianto. Tutte le porte saranno dotate di un interruttore di interblocco con bloccaggio del riparo e con pulsante antipanico interno, di tipo 2. Le porte di accesso saranno a battente e/o scorrevoli. | R51: Nelle istruzioni dell'impianto si riporterà: - la procedura di carico pezzi; - la procedura di accesso alla zona di lavoro; - l'obbligo di portare con sé la chiave del selettore modale quando si entra all'interno della cabina di protezione. | W51: =IF(COUNT(T51:V51)=3,SUM(T51:V51),"") | X51: =IF(OR(S51="",W51=""),"",INDEX(Metodo!$C$6:$G$9,MATCH(S51,Metodo!$B$6:$B$9,0),MATCH(W51,Metodo!$C$5:$G$5,1))) | Y51: Norme A: EN ISO 12100 Norme B: EN ISO 14120; EN ISO 13855; EN 14119 | Norme: ISO/TR 14121-2 | Z51: Scheda descrittiva, senza stima del rischio.
A52: LIB-051 | B52: 1.4.2.2 | C52: Ripari mobili interbloccati | D52: VRQ-100 | E52: Smerigliatura | F52: Cabina di protezione e ripari | G52: Se presente cabina con porte di accesso | H52: Zona di smerigliatura | I52: Non specificata. | O52: =IF(COUNT(L52:N52)=3,SUM(L52:N52),"") | P52: =IF(OR(K52="",O52=""),"",INDEX(Metodo!$C$6:$G$9,MATCH(K52,Metodo!$B$6:$B$9,0),MATCH(O52,Metodo!$C$5:$G$5,1))) | Q52: Durante il normale funzionamento della zona di smerigliatura (con selettore modale del quadro elettrico della zona di smerigliatura sia in modalità automatica che manuale), qualsiasi movimento o attuatore di zona potrà essere attivato solo ed esclusivamente con le porte interbloccate di accesso alla zona di lavoro di smerigliatura chiuse e bloccate. Per sbloccare le porte e quindi poter accedere alla zona di lavoro di smerigliatura sarà necessario posizionare il selettore modale del quadro elettrico della zona di smerigliatura su "SBLOCCO PORTE". Quando i dispositivi di interblocco vengono sbloccati, tutte le utenze passeranno immediatamente a una condizione di arresto sicuro (vedere anche RESS 1.3.9). Per la ripartenza, sarà necessario il ripristino manuale della zona (vedere RESS 1.2.3). Le porte di accesso alla zona di lavoro di smerigliatura si sbloccheranno anche in caso di intervento di un pulsante di arresto di emergenza di zona. Vedere RESS 1.2.4.3 e 1.5.14. Per quanto riguarda la porta di accesso alla sottozona di carico, questa verrà sbloccata automaticamente quando un pallet porta-pezzi sarà posizionato nella sottozona di carico, lasciando il resto della zona di smerigliatura in funzione. Per consentire il completamento della procedura di carico pezzi, una volta che l'operatore avrà riempito il pallet di pezzi da lavorare, sarà necessario chiudere la porta e dare il comando di bloccaggio porta (pulsante di reset pallet). Tutti i dispositivi di interblocco, con il relativo sistema di controllo, saranno gestiti come funzione di sicurezza. Le stime del rischio per le parti mobili protette dai ripari in oggetto sono riportate al RESS 1.3.7 e sotto le specifiche schede di valutazione VRQ. | W52: =IF(COUNT(T52:V52)=3,SUM(T52:V52),"") | X52: =IF(OR(S52="",W52=""),"",INDEX(Metodo!$C$6:$G$9,MATCH(S52,Metodo!$B$6:$B$9,0),MATCH(W52,Metodo!$C$5:$G$5,1))) | Y52: Norme A: EN ISO 12100 Norme B: EN ISO 14120; EN ISO 13855; EN 14119 | Norme: ISO/TR 14121-2 | Z52: Scheda descrittiva, senza stima del rischio.
A53: LIB-052 | B53: 1.4.2.2 | C53: Ripari mobili interbloccati | D53: VRQ-200 | E53: Pulitura | F53: Cabina di protezione e ripari | G53: Se presente cabina con porte di accesso | H53: Zona di pulitura | I53: Non specificata. | O53: =IF(COUNT(L53:N53)=3,SUM(L53:N53),"") | P53: =IF(OR(K53="",O53=""),"",INDEX(Metodo!$C$6:$G$9,MATCH(K53,Metodo!$B$6:$B$9,0),MATCH(O53,Metodo!$C$5:$G$5,1))) | Q53: Durante il normale funzionamento della zona di pulitura (con selettore modale del quadro elettrico della zona di pulitura sia in modalità automatica che manuale), qualsiasi movimento o attuatore di zona potrà essere attivato solo ed esclusivamente con le porte interbloccate di accesso alla zona di lavoro di pulitura chiuse e bloccate. Per sbloccare le porte e quindi poter accedere alla zona di lavoro di pulitura sarà necessario posizionare il selettore modale del quadro elettrico della zona di pulitura su "SBLOCCO PORTE". Quando i dispositivi di interblocco vengono sbloccati, tutte le utenze passeranno immediatamente a una condizione di arresto sicuro (vedere anche RESS 1.3.9). Per la ripartenza, sarà necessario il ripristino manuale della zona (vedere RESS 1.2.3). Le porte di accesso alla zona di lavoro di pulitura si sbloccheranno anche in caso di intervento di un pulsante di arresto di emergenza di zona. Vedere RESS 1.2.4.3 e 1.5.14. Tutti i dispositivi di interblocco, con il relativo sistema di controllo, saranno gestiti come funzione di sicurezza, con livello di prestazione PLr=d con struttura in categoria 3. Le stime del rischio per le parti mobili protette dai ripari in oggetto sono riportate al RESS 1.3.7 e sotto le specifiche schede di valutazione VRQ. | W53: =IF(COUNT(T53:V53)=3,SUM(T53:V53),"") | X53: =IF(OR(S53="",W53=""),"",INDEX(Metodo!$C$6:$G$9,MATCH(S53,Metodo!$B$6:$B$9,0),MATCH(W53,Metodo!$C$5:$G$5,1))) | Y53: Norme A: EN ISO 12100 Norme B: EN ISO 14120; EN ISO 13855; EN 14119 | Norme: ISO/TR 14121-2 | Z53: Scheda descrittiva, senza stima del rischio.
A54: LIB-053 | B54: 1.4.3 | C54: Requisiti particolari per i dispositivi di protezione | D54: VRQ-001 | E54: Impianto | F54: Cabina di protezione e ripari | G54: Se presente cabina con porte di accesso | H54: Stazione di carico/scarico della zona di lucidatura | I54: Normale. | O54: =IF(COUNT(L54:N54)=3,SUM(L54:N54),"") | P54: =IF(OR(K54="",O54=""),"",INDEX(Metodo!$C$6:$G$9,MATCH(K54,Metodo!$B$6:$B$9,0),MATCH(O54,Metodo!$C$5:$G$5,1))) | Q54: Il varco sulla cabina di protezione della zona di pulita per eseguire le operazioni di carico/scarico pezzo sulla tavola rotante sarà protetto da una barriera fotoelettrica. In generale, la violazione dl fascio della barriera fotoelettrica comporterà un arresto di emergenza dell'intera zona di pulitura. Una volta che la tavola rotante avrà eseguito la rotazione di un passo, la logica di controllo segnalerà all'operatore la possibilità di accedere attraverso il varco protetto senza comportare un arresto di emergenza della zona di pulitura. In questa condizione, la tavola rotante sarà in arresto sicuro e non sarà possibile l'avviamento della rotazione della tavola, finché il fascio della barriera sarà interrotto. La barriera fotoelettrica verrà utilizzata per il riavvio del ciclo: una volta completate le operazioni di scarico e carico pezzo (che possono comportare una o due violazioni consecutive del fascio, a seconda delle impostazioni su pannello di controllo), alla rimozione della violazione della barriera, la tavola potrà eseguire il passo, sempre che tutte le unità di lucidatura abbiano terminato il proprio ciclo. Non sarà previsto quindi un ulteriore dispositivo di ripristino della barriera fotoelettrica. La barriera fotoelettrica della stazione di carico/scarico della zona di pulitura, con il relativo sistema di controllo, sarà gestita come funzione di sicurezza, con livello di prestazione PLr=d. Vedere la documentazione tecnica della barriera fotoelettrica e gli schemi elettrici raccolti nel fascicolo tecnico. Vedere la sezione "Analisi di sicurezza" del fascicolo tecnico per i tempi di arresto e le distanze di sicurezza calcolate. | W54: =IF(COUNT(T54:V54)=3,SUM(T54:V54),"") | X54: =IF(OR(S54="",W54=""),"",INDEX(Metodo!$C$6:$G$9,MATCH(S54,Metodo!$B$6:$B$9,0),MATCH(W54,Metodo!$C$5:$G$5,1))) | Y54: Norme A: EN ISO 12100 Norme B: EN ISO 13856-1; EN ISO 13856-2; EN ISO 13856-3; EN 574; EN 61496-1 | Norme: ISO/TR 14121-2 | Z54: Scheda descrittiva, senza stima del rischio.
A55: LIB-054 | B55: 1.5.1 | C55: Energia elettrica | D55: VRQ-001 | E55: Impianto | F55: Equipaggiamento elettrico | G55: Sempre | H55: Equipaggiamento elettrico | I55: Normale; manutenzione; installazione; regolazione / attrezzamento; programmazione; sblocco anomalie. | J55: 2.1 Contatto di persone con elementi normalmente in tensione (contatto diretto) 2.2 Contatto di persone con elementi che entrano in tensione in caso di guasto (contatto indiretto) 2.4 Isolamento inadatto alle condizioni d'uso previste 2.5 Fenomeni elettrostatici 2.6 Radiazioni termiche o altri fenomeni come la proiezione di particelle fuse, e gli elementi chimici derivanti da corto circuiti, sovraccarichi, ecc.) 2.7 Pericoli dovuti a campi elettromagnetici, specialmente per movimenti imprevisti | K55: 4 | L55: 5 | M55: 4 | N55: 3 | O55: =IF(COUNT(L55:N55)=3,SUM(L55:N55),"") -> 12 | P55: =IF(OR(K55="",O55=""),"",INDEX(Metodo!$C$6:$G$9,MATCH(K55,Metodo!$B$6:$B$9,0),MATCH(O55,Metodo!$C$5:$G$5,1))) -> Richieste | Q55: L’Impianto di smerigliatura e lucidatura rubinetteria viene progettato per eseguire in modo automatico le operazioni di smerigliatura e, successivamente, di pulitura di componenti di rubinetteria. L'impianto sarà realizzato con due zone di lavoro, di smerigliatura e di pulitura, ognuna con una propria cabina di protezione e fonti di alimentazione. In generale l'equipaggiamento elettrico di ciascuna zona dell'impianto verrà realizzato rispettando i requisiti di sicurezza della Direttiva Bassa Tensione 2014/35/CE. A tal fine, verranno rispettati i requisiti di sicurezza pertinenti delle seguenti norme tecniche: - EN 60204-1 Sicurezza del macchinario - Equipaggiamento elettrico delle macchine. Parte 1: Regole generali. - EN 61439-1 Apparecchiature assiemate di protezione e di manovra per bassa tensione (quadri BT) Parte 1: Regole generali. Tutte le principali apparecchiature elettriche saranno contenute in appositi quadri elettrici o scatole elettriche con grado minimo di protezione IP idoneo. Per la disconnessone dell'alimentazione elettrica verrà usato un interruttore di manovra sezionatore per ciascun quadro elettrico di zona. Per la protezione contro la scossa elettrica: - Per la protezione dei contatti diretti, una volta aperto un quadro o involucro, i componenti avranno un grado di protezione IP2X o IPXXB. - Per la protezione dei contatti indiretti verrà adottata l'interruzione automatica dell'alimentazione mediante interruzione automatica dell'alimentazione. Tutte le masse metalliche che possono essere toccate inavvertitamente e che possono andare in tensione a causa di un isolamento principale dell'impianto elettrico (es. cavo) verranno collegate all’impianto di terra . Gli inverter e i filtri EMC saranno ubicati all'interno dei quadri elettrici, realizzati in metallo. Per quanto riguarda gli inverter, questi verranno collegati ai rispettivi motori mediante cavi schermati, rispettando le indicazioni di collegamento fornite dal costruttore del prodotto. Inoltre, considerando la presenza al loro interno di capacità, sul componente (o in loro prossimità) e nel manuale d'uso, verrà posta un'avvertenza che segnala la presenza di tensione residua anche dopo il sezionamento del quadro elettrico. I cablaggi, in particolare per le calze di schermatura, saranno realizzati come indicato sul relativo manuale d'installazione (collarino di bassa impedenza). Vedere gli schemi elettrici nella sezione "Schemi circuitali" del Fascicolo Tecnico. Vedere la sezione "Prove sull'equipaggiamento elettrico" del Fascicolo Tecnico. | R55: Nelle istruzioni dell'impianto si riporterà: - Le informazioni sulle caratteristiche di alimentazione necessarie all'impianto. - L'avvertenza "Anche quando l’interruttore generale è in posizione “0” resta comunque presente, all’interno del quadro elettrico, la tensione di rete." - L'avvertenza "Alcuni componenti dell’equipaggiamento elettrico possono trovarsi sotto tensione anche dopo il disinserimento della tensione di rete. Prima di rimuovere la copertura degli apparecchi (ad es. inverter), attendere almeno 5 minuti, affinché la tensione si riduca a valori trascurabili." - L'avvertenza che sulle parti elettriche in tensione o fuori tensione deve operare esclusivamente personale tecnico preposto (PES, PAV e PEI), che deve adottare le dovute precauzioni. - L'avvertenza "La manutenzione dell’impianto elettrico potrebbe richiede l’esecuzione di interventi in tensione (quali ad esempio misure elettriche). È quindi necessario che gli addetti alla manutenzione siano qualificati per poter eseguire lavori elettrici in tensione (secondo la norma EN 50011-1)." Segnaletica 1.2.26 4.10 5.12 4.3.2 Pericolo, togliere la Do not extinguish Warning; Electricity Prescrizioni elettriche tensione prima di with water rimuovere la protezione | S55: 4 | T55: 2 | U55: 1 | V55: 1 | W55: =IF(COUNT(T55:V55)=3,SUM(T55:V55),"") -> 4 | X55: =IF(OR(S55="",W55=""),"",INDEX(Metodo!$C$6:$G$9,MATCH(S55,Metodo!$B$6:$B$9,0),MATCH(W55,Metodo!$C$5:$G$5,1))) -> Suggerite | Y55: Norme A: EN ISO 12100 Norme B: EN 60204-1 | Norme: ISO/TR 14121-2 | Z55: Il rischio finale non è in area verde: verificare se servono altre misure o motivare l'accettazione.
A56: LIB-055 | B56: 1.5.2 | C56: Elettricità statica | D56: VRQ-001 | E56: Impianto | F56: Generale impianto | G56: Sempre | H56: Tutte le zone dell'impianto | I56: Normale; manutenzione. | J56: 2.5 Fenomeni elettrostatici | K56: 1 | L56: 5 | M56: 3 | N56: 3 | O56: =IF(COUNT(L56:N56)=3,SUM(L56:N56),"") -> 11 | P56: =IF(OR(K56="",O56=""),"",INDEX(Metodo!$C$6:$G$9,MATCH(K56,Metodo!$B$6:$B$9,0),MATCH(O56,Metodo!$C$5:$G$5,1))) -> Suggerite | Q56: L'equipaggiamento elettrico delle zone dell'impianto verrà realizzato ottemperando a tutti i requisiti di sicurezza pertinenti della norma EN 60204-1 (vedere anche RESS 1.5.1). Il rischio di scariche elettrostatiche verrà ridotto tramite collegamenti equipotenziale (come previsto dalla norma di riferimento sopra indicata). | S56: 1 | T56: 2 | U56: 1 | V56: 3 | W56: =IF(COUNT(T56:V56)=3,SUM(T56:V56),"") -> 6 | X56: =IF(OR(S56="",W56=""),"",INDEX(Metodo!$C$6:$G$9,MATCH(S56,Metodo!$B$6:$B$9,0),MATCH(W56,Metodo!$C$5:$G$5,1))) -> OK | Y56: Norme A: EN ISO 12100 Norme B: EN 60204-1 | Norme: ISO/TR 14121-2
A57: LIB-056 | B57: 1.5.3 | C57: Energie diverse dall'energia elettrica | D57: VRQ-001 | E57: Impianto | F57: Equipaggiamento pneumatico | G57: Se presente impianto pneumatico | H57: Equipaggiamento pneumatico | I57: Normale; manutenzione; installazione; sblocco anomalie; regolazione / attrezzamento; programmazione. | J57: 1.1.1 Pericolo di schiacciamento 1.1.2 Pericolo di cesoiamento 1.1.4 Pericolo di impigliamento 1.1.6 Pericolo di urto 1.2.2 Posizione relativa (può generare zone di schiacciamento, di cesoiamento, di impigliamento, ecc. quando le parti sono in movimento) 1.2.7.2 Accumulo di energia potenziale all'interno della macchina causato da liquidi e gas in pressione | K57: 2 | L57: 5 | M57: 3 | N57: 5 | O57: =IF(COUNT(L57:N57)=3,SUM(L57:N57),"") -> 13 | P57: =IF(OR(K57="",O57=""),"",INDEX(Metodo!$C$6:$G$9,MATCH(K57,Metodo!$B$6:$B$9,0),MATCH(O57,Metodo!$C$5:$G$5,1))) -> Richieste | Q57: L’Impianto di smerigliatura e lucidatura rubinetteria viene progettato per eseguire in modo automatico le operazioni di smerigliatura e, successivamente, di pulitura di componenti di rubinetteria. L'impianto sarà realizzato con due zone di lavoro, di smerigliatura e di pulitura, ognuna con una propria cabina di protezione e fonti di alimentazione. L'equipaggiamento pneumatico delle zone dell'impianto verrà realizzato seguendo la norma tecnica EN ISO 4414. I componenti pneumatici saranno di commercio. L'allacciamento delle alimentazioni pneumatiche sarà sull'ingresso dei gruppi di trattamento principale della zona di smerigliatura e della zona di pulitura, i quali avranno una valvola manuale di inserimento, un gruppo filtro-regolatore con manometro, un lubrificatore e pressostati. L'impianto pneumatico di ciascuna zona avrà una serie di rubinetti per il sezionamento dell'alimentazione pneumatica dei vari circuiti, oltre a rubinetti per lo scarico della pressione residua. I rubinetti di sezionamento circuito e quelli di scarico avranno un colore diverso. Tutte le parti su cui l'operatore potrà intervenire (regolatori, rubinetti, ecc.) avranno un'etichetta con indicata la funzione dell'elemento. Per quanto riguarda il circuito di alimentazione delle pinze porta-pezzo, la pressione pneumatica verrà aumentata e regolata mediante un moltiplicatore di pressione e un regolatore. Vedere gli schemi pneumatici nella sezione "Schemi circuitali" del Fascicolo Tecnico. | R57: Nelle istruzioni dell'impianto si riporta: - Le informazioni sulle caratteristiche di alimentazione da fornire per l'impianto. - L'indicazione che l’impianto pneumatico deve essere sempre scaricato manualmente da un operatore qualificato prima di eseguire qualsiasi intervento sulle parti dell’impianto. - L'avvertenza "Depressurizzare completamente il sistema pneumatico prima di eseguire operazioni di manutenzione". - Il divieto di sostituire le pinze porta-pezzo senza aver prima scaricato il relativo circuito di alimentazione." - La procedura di spurgo delle pistole spruzzatrici, dove è previsto lo scollegamento del tubo di alimentazione dell’aria compressa alla pistola. Segnaletica 4.3.8 Prescrizioni pneumatiche | S57: 2 | T57: 2 | U57: 1 | V57: 3 | W57: =IF(COUNT(T57:V57)=3,SUM(T57:V57),"") -> 6 | X57: =IF(OR(S57="",W57=""),"",INDEX(Metodo!$C$6:$G$9,MATCH(S57,Metodo!$B$6:$B$9,0),MATCH(W57,Metodo!$C$5:$G$5,1))) -> OK | Y57: Norme A: EN ISO 12100 Norme B: EN ISO 4414 | Norme: ISO/TR 14121-2
A58: LIB-057 | B58: 1.5.4 | C58: Errori di montaggio | D58: VRQ-001 | E58: Impianto | F58: Generale impianto | G58: Sempre | H58: Zone di lavoro dell'impianto | I58: Regolazione / Attrezzamento. | J58: 7.3.4 Errori di montaggio | K58: 2 | L58: 4 | M58: 2 | N58: 3 | O58: =IF(COUNT(L58:N58)=3,SUM(L58:N58),"") -> 9 | P58: =IF(OR(K58="",O58=""),"",INDEX(Metodo!$C$6:$G$9,MATCH(K58,Metodo!$B$6:$B$9,0),MATCH(O58,Metodo!$C$5:$G$5,1))) -> Suggerite | Q58: L'impianto verrà progettato in modo da eliminare rilevanti errori di montaggio da parte dell'operatore. Per quanto riguarda la sostituzione delle parti dell'impianto legate allo specifico codice prodotto che deve essere lavorato (pinze porta-pezzo, pallet porta-pezzi, utensili), questi verranno identificati con una codifica. Al manuale di istruzioni dell'impianto si allegheranno delle schede di attrezzaggio per i vari codici di prodotto che potranno essere lavorati, dove si identificheranno le parti che devono essere montate sulle stazioni di lavoro dell'impianto. A misura di protezione saranno fornite adeguate istruzioni per l'uso e la manutenzione. | R58: Nelle istruzioni dell'impianto verranno riportate le procedure per la sostituzione degli utensili e delle parti dell'impianto legate al codice di prodotto da lavorare (pinze porta-pezzo, pallet portapezzi). | S58: 2 | T58: 2 | U58: 1 | V58: 3 | W58: =IF(COUNT(T58:V58)=3,SUM(T58:V58),"") -> 6 | X58: =IF(OR(S58="",W58=""),"",INDEX(Metodo!$C$6:$G$9,MATCH(S58,Metodo!$B$6:$B$9,0),MATCH(W58,Metodo!$C$5:$G$5,1))) -> OK | Y58: Norme A: EN ISO 12100 | Norme: ISO/TR 14121-2
A59: LIB-058 | B59: 1.5.5 | C59: Temperature estreme | D59: VRQ-001 | E59: Impianto | F59: Generale impianto | G59: Sempre | H59: Servomotori | I59: Manutenzione. | J59: 3.1 Bruciature e scottature ed altre lesioni provocate dal possibile contatto di persone con oggetti o materiale a temperature estremamente elevate o estremamente basse, da fiamme o da esplosioni ed anche dall'irragiamento di fonti di calore | K59: 2 | L59: 3 | M59: 3 | N59: 5 | O59: =IF(COUNT(L59:N59)=3,SUM(L59:N59),"") -> 11 | P59: =IF(OR(K59="",O59=""),"",INDEX(Metodo!$C$6:$G$9,MATCH(K59,Metodo!$B$6:$B$9,0),MATCH(O59,Metodo!$C$5:$G$5,1))) -> Richieste | Q59: Alcuni componenti di commercio dell'impianto, come i servomotori, avranno il cartello di avvertenza "pericolo superfici calde", applicato direttamente da fabbricante primo. Nelle istruzioni dell'impianto verrà riportato il possibile pericolo associato a tali parti. | R59: Nelle istruzioni dell'impianto si riporterà che anche se l’impianto viene arrestato, attendere sempre che le parti con superf ici calde raggiungano la temperatura ambiente prima di intervenire su di esse, oppure utilizzare guanti di protezione. Segnaletica 3.9 5.17 Wear protective Warning; Hot gloves surface | S59: 2 | T59: 2 | U59: 1 | V59: 1 | W59: =IF(COUNT(T59:V59)=3,SUM(T59:V59),"") -> 4 | X59: =IF(OR(S59="",W59=""),"",INDEX(Metodo!$C$6:$G$9,MATCH(S59,Metodo!$B$6:$B$9,0),MATCH(W59,Metodo!$C$5:$G$5,1))) -> OK | Y59: Norme A: EN ISO 12100 Norme B: EN ISO 13732-1; EN ISO 13732-3 | Norme: ISO/TR 14121-2
A60: LIB-059 | B60: 1.5.5 | C60: Temperature estreme | D60: VRQ-002 | E60: Impianto | F60: Generale impianto | G60: Sempre | H60: Zona di contatto pezzo/utensile | I60: Normale. | J60: 3.1 Bruciature e scottature ed altre lesioni provocate dal possibile contatto di persone con oggetti o materiale a temperature estremamente elevate o estremamente basse, da fiamme o da esplosioni ed anche dall'irragiamento di fonti di calore | K60: 1 | L60: 5 | M60: 3 | N60: 3 | O60: =IF(COUNT(L60:N60)=3,SUM(L60:N60),"") -> 11 | P60: =IF(OR(K60="",O60=""),"",INDEX(Metodo!$C$6:$G$9,MATCH(K60,Metodo!$B$6:$B$9,0),MATCH(O60,Metodo!$C$5:$G$5,1))) -> Suggerite | Q60: Durante la lavorazione dei pezzi le parti che entrano in contatto (utensile/pezzo) possono riscaldarsi. L'operatore potrà entrare in contatto con i pezzi lavorati: - quando usciranno dalla zona di smerigliatura, trasportati dal nastro trasportatore; - quando devono essere scaricati dalla tavola rotante della zona di pulitura. Onde evitare che l'operatore possa entrare in contatto con un pezzo da scaricare ancora caldo, sarà obbligatorio l'uso di guanti protettivi. Verranno date indicazioni nelle istruzioni dell'impianto. | R60: Nelle istruzioni dell'impianto si riporterà l'obbligo di indossare guanti protettivi (termoisolanti) quando si devono manipolare (scaricare) i pezzi lavorati. Segnaletica M009 Wear protective gloves | S60: 1 | T60: 5 | U60: 1 | V60: 1 | W60: =IF(COUNT(T60:V60)=3,SUM(T60:V60),"") -> 7 | X60: =IF(OR(S60="",W60=""),"",INDEX(Metodo!$C$6:$G$9,MATCH(S60,Metodo!$B$6:$B$9,0),MATCH(W60,Metodo!$C$5:$G$5,1))) -> OK | Y60: Norme A: EN ISO 12100 Norme B: EN ISO 13732-1; EN ISO 13732-3 | Norme: ISO/TR 14121-2
A61: LIB-060 | B61: 1.5.6 | C61: Incendio | D61: VRQ-001 | E61: Impianto | F61: Equipaggiamento elettrico | G61: Sempre | H61: Quadri elettrici | I61: Normale. | J61: 2.6 Radiazioni termiche o altri fenomeni come la proiezione di particelle fuse, e gli elementi chimici derivanti da corto circuiti, sovraccarichi, ecc.) | K61: 2 | L61: 3 | M61: 3 | N61: 5 | O61: =IF(COUNT(L61:N61)=3,SUM(L61:N61),"") -> 11 | P61: =IF(OR(K61="",O61=""),"",INDEX(Metodo!$C$6:$G$9,MATCH(K61,Metodo!$B$6:$B$9,0),MATCH(O61,Metodo!$C$5:$G$5,1))) -> Richieste | Q61: L'equipaggiamento elettrico delle zone dell'impianto verrà realizzato ottemperando a tutti i requisiti di sicurezza pertinenti della norma EN 60204-1 (vedere anche RESS 1.5.1). Il rischio di incendio verrà ridotto mediante la protezione dell’equipaggiamento da cortocircuiti e sovraccarichi effettuati come previsto dalla norma di riferimento sopra indicata. Particolare attenzione verrà posta sulla corrente di cortocircuito nel punto d’installazione. Sui quadri elettrici verrà apposto il valore della corrente di corto circuito nel punto di installazione. Vedere le relazioni sulle prove dell'equipaggiamento elettrico previste dalla norma di riferimento raccolte nel Fascicolo Tecnico. | R61: Nelle istruzioni dell'impianto si riporterà l'avvertenza di divieto "Un quadro elettrico non può essere collegato a una rete elettrica se la corrente di cortocircuito nel punto di installazione è maggiore di quella sopportabile dal quadro elettrico stesso (vedere la targa con i dati elettrici sul quadro e/o gli schemi elettrici dell’impianto)." | S61: 2 | T61: 2 | U61: 1 | V61: 1 | W61: =IF(COUNT(T61:V61)=3,SUM(T61:V61),"") -> 4 | X61: =IF(OR(S61="",W61=""),"",INDEX(Metodo!$C$6:$G$9,MATCH(S61,Metodo!$B$6:$B$9,0),MATCH(W61,Metodo!$C$5:$G$5,1))) -> OK | Y61: Norme A: EN ISO 12100 Norme B: EN ISO 19353; EN 60204-1 | Norme: ISO/TR 14121-2
A62: LIB-061 | B62: 1.5.6 | C62: Incendio | D62: VRQ-200 | E62: Pulitura | F62: Unità di lucidatura CNC | G62: Se presenti unità di lucidatura CNC | H62: Spazzole di lucidatura in zona di pulitura | I62: Normale. | J62: 6.3 Pericolo di incendio o esplosione | K62: 2 | L62: 4 | M62: 3 | N62: 3 | O62: =IF(COUNT(L62:N62)=3,SUM(L62:N62),"") -> 10 | P62: =IF(OR(K62="",O62=""),"",INDEX(Metodo!$C$6:$G$9,MATCH(K62,Metodo!$B$6:$B$9,0),MATCH(O62,Metodo!$C$5:$G$5,1))) -> Suggerite | Q62: Per quanto riguarda le lucidatrici della zona di pulitura, sulla testa porta-spazzola sarà presente una pistola che spruzza sull'utensile/pezzo pasta abrasiva. L'erogazione della pasta (umida) comporta che le parti in questione durante la lavorazione non possano raggiungere temperature elevate. Considerando che: - l'erogazione della pasta durante la lucidatura sarà fondamentale per eseguire correttamente le operazioni; - l'impianto è previsto con una sorveglianza continua da parte dell'operatore addetto alla conduzione; - prima di utilizzare l'impianto, l'operatore dovrà verificare che l'impianto della pasta abrasiva possa lavorare efficacemente; - sarà possibile eseguire il rifornimento di pasta nei serbatoi senza fermare l'impianto; - l'operatore addetto alla conduzione sarà addestrato alle operazioni che deve svolgere; La probabilità che durante il funzionamento le spazzole possano raggiungere la temperatura di autoaccensione (vedere la scheda tecnica della spazzola) per mancanza di erogazione della pasta abrasiva è bassa. | R62: Nelle istruzioni dell'impianto si daranno tutte le indicazioni delle operazioni preliminari che dovranno essere eseguite prima di usare l'impianto, come controllo alimentazione pneumatica, controllo funzionamento dell'impianto pasta abrasiva, controllo presenza olio di lubrificazione nelle pompe automatiche. | S62: 2 | T62: 3 | U62: 2 | V62: 1 | W62: =IF(COUNT(T62:V62)=3,SUM(T62:V62),"") -> 6 | X62: =IF(OR(S62="",W62=""),"",INDEX(Metodo!$C$6:$G$9,MATCH(S62,Metodo!$B$6:$B$9,0),MATCH(W62,Metodo!$C$5:$G$5,1))) -> OK | Y62: Norme A: EN ISO 12100 Norme B: EN ISO 19353; EN 60204-1 | Norme: ISO/TR 14121-2
A63: LIB-062 | B63: 1.5.8 | C63: Rumore | D63: VRQ-001 | E63: Impianto | F63: Generale impianto | G63: Sempre | H63: Zone di lavoro dell'impianto | I63: Normale. | J63: 4.1 Perdita di udito (sordità) 4.2 Ronzio auricolare 4.3 Stanchezza, tensione, ecc. provocata dal rumore 4.4 Altri disturbi fisiologici dovuti al rumore (perdita dell'equilibrio, della percezione, di conoscenza) | K63: 2 | L63: 5 | M63: 3 | N63: 5 | O63: =IF(COUNT(L63:N63)=3,SUM(L63:N63),"") -> 13 | P63: =IF(OR(K63="",O63=""),"",INDEX(Metodo!$C$6:$G$9,MATCH(K63,Metodo!$B$6:$B$9,0),MATCH(O63,Metodo!$C$5:$G$5,1))) -> Richieste | Q63: Ciascuna zona di lavoro dell'impianto sarà delimitata da una propria cabina di protezione. La zona di smerigliatura avrà una cabina di protezione che racchiuderà i tre robot antropomorfi con le smerigliatrici a nastro, le stazioni di scambio robot, la stazione di carico a doppio pallet e una parte di nastro trasportatore di scarico. La zona di pulitura avrà una cabina di protezione che racchiuderà la tavola rotante porta-pezzi e le quattro unità di lucidatura CNC. Le cabine di protezione saranno realizzate con pannelli fonoassorbenti e finestre per consentire la visione della zona dall'esterno. Verranno effettuate le misurazioni dell'emissione acustica dell'impianto. Vedere le relazioni delle misurazioni dell'emissione acustica nel Fascicolo Tecnico. | S63: 2 | T63: 2 | U63: 1 | V63: 3 | W63: =IF(COUNT(T63:V63)=3,SUM(T63:V63),"") -> 6 | X63: =IF(OR(S63="",W63=""),"",INDEX(Metodo!$C$6:$G$9,MATCH(S63,Metodo!$B$6:$B$9,0),MATCH(W63,Metodo!$C$5:$G$5,1))) -> OK | Y63: Norme A: EN ISO 12100 Norme B: ISO 3743-1;ISO 3743-2; ISO 3744; ISO 3745; ISO 3746; ISO 3747; EN ISO 11200; EN ISO 11201; EN ISO 11202; EN ISO 11203; EN ISO 11204; EN ISO 11205; EN ISO 11688-1; EN ISO 4871 | Norme: ISO/TR 14121-2
A64: LIB-063 | B64: 1.5.11 | C64: Radiazione esterne | D64: VRQ-001 | E64: Impianto | F64: Generale impianto | G64: Sempre | H64: Zone adiacenti l'impianto | I64: Normale. | J64: 2.7 Pericoli dovuti a campi elettromagnetici, specialmente per movimenti imprevisti | K64: 2 | L64: 4 | M64: 2 | N64: 5 | O64: =IF(COUNT(L64:N64)=3,SUM(L64:N64),"") -> 11 | P64: =IF(OR(K64="",O64=""),"",INDEX(Metodo!$C$6:$G$9,MATCH(K64,Metodo!$B$6:$B$9,0),MATCH(O64,Metodo!$C$5:$G$5,1))) -> Richieste | Q64: L'equipaggiamento elettrico delle zone dell'impianto verrà realizzato ottemperando a tutti i requisiti di sicurezza pertinenti della norma EN 60204-1 (vedere anche RESS 1.5.1). Il rischio dovuto ad un eventuale disturbo dell'impianto per radiazioni esterne verrà ridotto tramite la connessione dell’equipaggiamento elettrico alla messa a terra e la realizzazione di un sistema di collegamento equipotenziale funzionale (come previsto dalla norma di riferimento sopra indicata). Inoltre le apparecchiature elettroniche che verranno utilizzate saranno di commercio, adatte agli impieghi industriali e rispetteranno la Direttiva 2014/30/CE. Le apparecchiature saranno posizionate all’interno di quadri/scatole elettrici in carpenteria metallica. I cavi di segnale che possono essere soggetti a perturbazioni elettromagnetiche saranno schermati. Relativamente a questo aspetto saranno seguite le indicazioni dei rispettivi costruttori. Vedere la documentazione tecnica dei componenti acquistati nel Fascicolo Tecnico. Vedere le relazioni sulle prove dell'equipaggiamento elettrico previste dalla norma di riferimento raccolte nel Fascicolo Tecnico. | R64: Nelle istruzioni dell'impianto si riporterà: - "Tutti i quadri elettrici devono essere collegati all’impianto di messa a terra e deve essere verificata la continuità della messa a terra di tutto l’equipaggiamento elettrico. A tale scopo l’utente dovrà fornire i punti di collegamento all’impianto di messa a terra dello stabilimento, avendo cura di verificare che lo stesso risponda ai requisiti richiesti dalla legislazione vigente." - "È necessario, nel rispetto delle vigenti norme di sicurezza, che l’impianto elettrico sia collegato ad un efficiente impianto di terra". | S64: 2 | T64: 2 | U64: 1 | V64: 3 | W64: =IF(COUNT(T64:V64)=3,SUM(T64:V64),"") -> 6 | X64: =IF(OR(S64="",W64=""),"",INDEX(Metodo!$C$6:$G$9,MATCH(S64,Metodo!$B$6:$B$9,0),MATCH(W64,Metodo!$C$5:$G$5,1))) -> OK | Y64: Norme A: EN ISO 12100 | Norme: ISO/TR 14121-2
A65: LIB-064 | B65: 1.5.13 | C65: Emissioni di materie e sostanze pericolose | D65: VRQ-001 | E65: Impianto | F65: Generale impianto | G65: Sempre | H65: Punti di smerigliatura e lucidatura | I65: Normale. | J65: 6.2 Pericoli da contatto o inalazione di fluidi dannosi, gas, nebbie, fumi e polveri che hanno effetto dannoso, tossico, corrosivo e/o irritante | K65: 2 | L65: 5 | M65: 2 | N65: 3 | O65: =IF(COUNT(L65:N65)=3,SUM(L65:N65),"") -> 10 | P65: =IF(OR(K65="",O65=""),"",INDEX(Metodo!$C$6:$G$9,MATCH(K65,Metodo!$B$6:$B$9,0),MATCH(O65,Metodo!$C$5:$G$5,1))) -> Suggerite | Q65: Sia la zona di smerigliatura che quella di pulitura dell’impianto saranno predisposte per il collegamento ad un impianto di estrazione delle polveri prodotte. Nello specifico, ogni stazione di lavoro (smerigliatrici a nastro e unità di lucidatura) sarà dotata di bocchetta per il collegamento di una tubazione per l'estrazione dei residui di lavorazione. Prima di mettere in funzione (per la prima volta, una volta installato) l'impianto, questo dovrà essere collegato a un sistema di aspirazione ed abbattimento delle sostanze prodotte. L'impianto di aspirazione sarà a carico del cliente. Nelle istruzioni dell'impianto verranno indicate le caratteristiche di aspirazione, nonché l'ubicazione e il diametro delle bocchette per il collegamento. Nonostante un'aspirazione forzata delle sostanze che verranno prodotte in fase di lavorazione, il mix di sostanze formate dal materiale smerigliato e dai residui di consumo degli utensili (nastri abrasivi), possono depositarsi sulle superfici delle parti dell'impianto e della zona circoscritta. La cabina di protezione della zona di smerigliatura, quindi, permetterà il contenimento delle sostanze e impedirà che vengano disperse nell'ambiente. Nonostante un'aspirazione forzata delle sostanze che vengono prodotte in fase di lavorazione, il mix di sostanze formate dal materiale lucidato, dalle paste abrasive e dai materiali degli utensili (spazzole), possono depositarsi sulle superfici delle parti dell'impianto e della zona circoscritta. La cabina di protezione della zona di pulitura, quindi, permetterà il contenimento delle sostanze e impedirà che vengano disperse nell'ambiente. Nelle istruzioni dell'impianto verranno date indicazioni sulla necessità di una frequente pulizia delle zone di lavoro dell'impianto. | R65: Nelle istruzioni dell'impianto si riporteranno le seguenti indicazioni: - Quando si accede a una zona di lavoro indossare una maschera di protezione delle vie respiratorie con filtri adatti alle sostanze prodotte; - È vietato utilizzare l’impianto senza che questo sia stato collegato a un impianto di aspirazione. - Prima di avviare l’impianto, assicurarsi che l’impianto di aspirazione delle polveri sia già attivo e funzionante. - Eseguire costantemente le operazioni di pulizia dell3 zona3 di lavoro e di tutte le parti in cui si possono depositare le sostanze prodotte; - Durante le operazioni di pulizia, adottare tutti i dispositivi di protezione necessari (abbigliamento aderente, guanti, mascherine, occhiali, ecc.); - Per le paste abrasive in uso, fare riferimento alle schede di sicurezza dei prodotti in uso. - Ogni giorno a fine turno, eseguire un controllo generale dello stato delle parti dell’impianto e provvedere a una pulizia generale. Ogni settimana procedere ad una pulizia approfondita dell’intero impianto. Segnaletica 3.9 3.16 Wear protective Wear a mask gloves | S65: 2 | T65: 4 | U65: 1 | V65: 1 | W65: =IF(COUNT(T65:V65)=3,SUM(T65:V65),"") -> 6 | X65: =IF(OR(S65="",W65=""),"",INDEX(Metodo!$C$6:$G$9,MATCH(S65,Metodo!$B$6:$B$9,0),MATCH(W65,Metodo!$C$5:$G$5,1))) -> OK | Y65: Norme A: EN ISO 12100 Norme B: EN ISO 14123-1; EN ISO 14123-2 | Norme: ISO/TR 14121-2
A66: LIB-065 | B66: 1.5.14 | C66: Rischio di restare imprigionati in una macchina | D66: VRQ-001 | E66: Impianto | F66: Generale impianto | G66: Sempre | H66: Zone di smerigliatura Zona di pulitura | I66: Normale; regolazione / attrezzamento; programmazione; sblocco anomalie. | J66: 1.1.5 Pericolo di trascinamento o d'intrappolamento | K66: 3 | L66: 5 | M66: 3 | N66: 5 | O66: =IF(COUNT(L66:N66)=3,SUM(L66:N66),"") -> 13 | P66: =IF(OR(K66="",O66=""),"",INDEX(Metodo!$C$6:$G$9,MATCH(K66,Metodo!$B$6:$B$9,0),MATCH(O66,Metodo!$C$5:$G$5,1))) -> Richieste | Q66: Ciascuna zona di lavoro dell'impianto sarà delimitata da una propria cabina di protezione. La zona di smerigliatura avrà una cabina di protezione che racchiuderà i tre robot antropomorfi con le smerigliatrici a nastro, le stazioni di scambio robot, la stazione di carico a doppio pallet e una parte di nastro trasportatore di scarico. La zona di pulitura avrà una cabina di protezione che racchiuderà la tavola rotante porta-pezzi e le quattro unità di lucidatura CNC. Una volta all'interno della zona di smerigliatura non sarà possibile accedere o raggiungere gli elementi pericolosi della zona di pulitura, e viceversa. Ciascuna cabina avrà diverse porte di accesso scorrevoli con dispositivo di interbloccato con bloccaggio del riparo e pulsante interno antipanico. ZONA DI SMERIGLIATURA Per sbloccare le porte della cabina di smerigliatura sarà necessario posizionare il selettore a chiave presente sul quadro elettrico della zona di smerigliatura su "SBLOCCO PORTE SMERIGLIATURA". Quando un operatore è all'interno della zona di lavoro, per evitare che qualcun altro possa chiudere le porte e riprendere il funzionamento, nelle istruzioni dell'impianto si prescriverà di portare con sé la chiave di "SBLOCCO PORTE SMERIGLIATURA ", quando si accede all'interno della zona di smerigliatura, qualsiasi sia la tipologia di intervento da eseguire. In ogni caso, agendo sul pulsante antipanico di un dispositivo di interblocco di una porta si avrà automaticamente lo sblocco della porta e, di conseguenza, un arresto protettivo di tutte le stazioni di lavoro della zona di smerigliatura. ZONA DI PULITURA Per sbloccare le porte della cabina di pulitura sarà necessario posizionare il selettore a chiave presente sul quadro elettrico della zona di pulitura su "SBLOCCO PORTE PULITURA". Quando un operatore è all'interno della zona di lavoro, per evitare che qualcun altro possa chiudere le porte e riprendere il funzionamento, nelle istruzioni dell'impianto si prescriverà di portare con sé la chiave di "SBLOCCO PORTE PULITURA ", quando si accede all'interno della zona di pulitura, qualsiasi sia la tipologia di intervento da eseguire. In ogni caso, agendo sul pulsante antipanico di un dispositivo di interblocco di una porta si avrà automaticamente lo sblocco della porta e, di conseguenza, un arresto protettivo di tutte le stazioni di lavoro della zona di pulitura. Inoltre, all’interno delle zone protette vi saranno diversi pulsanti di emergenza (vedere RESS 1.2.4.3) che, se premuti, comanderanno l’arresto immediato della zona e lo sblocco del dispositivo di interblocco delle porte di accesso della cabina di protezione. | R66: Nelle istruzioni dell'impianto si riporterà che quando si accede nella zona di smerigliatura o nella zona di pulitura è necessario portare con sé la chiave di "SBLOCCO PORTE SMERIGLIATURA" della cabina di protezione della zona di smerigliatura o la chiave di "SBLOCCO PORTE PULITURA" della cabina di protezione della zona di pulitura. | S66: 3 | T66: 2 | U66: 1 | V66: 1 | W66: =IF(COUNT(T66:V66)=3,SUM(T66:V66),"") -> 4 | X66: =IF(OR(S66="",W66=""),"",INDEX(Metodo!$C$6:$G$9,MATCH(S66,Metodo!$B$6:$B$9,0),MATCH(W66,Metodo!$C$5:$G$5,1))) -> OK | Y66: Norme A: EN ISO 12100 Norme B: EN 547-1; EN 547-2; EN 547-3 | Norme: ISO/TR 14121-2
A67: LIB-066 | B67: 1.6.1 | C67: Manutenzione della macchina | D67: VRQ-001 | E67: Impianto | F67: Generale impianto | G67: Sempre | H67: Aree di intervento per la regolazione, manutenzione, riparazione e pulizia. | I67: Manutenzione; regolazione / attrezzamento. | J67: 1.1.1 Pericolo di schiacciamento 1.2.2 Posizione relativa (può generare zone di schiacciamento, di cesoiamento, di impigliamento, ecc. quando le parti sono in movimento) | K67: 3 | L67: 4 | M67: 3 | N67: 3 | O67: =IF(COUNT(L67:N67)=3,SUM(L67:N67),"") -> 10 | P67: =IF(OR(K67="",O67=""),"",INDEX(Metodo!$C$6:$G$9,MATCH(K67,Metodo!$B$6:$B$9,0),MATCH(O67,Metodo!$C$5:$G$5,1))) -> Richieste | Q67: Non ci saranno operazioni di manutenzione, pulizia e riparazione con impianto in funzione o alimentato. Inoltre, sul quadro elettrico verrà riportata l'avvertenza scritta di scaricare la pressione dell’aria e di verificare l'avvenuta depressurizzazione dell'impianto pneumatico. Le operazioni di regolazione e/o ripristino che richiederanno di portarsi all'interno della zona protetta verranno eseguite con porte interbloccate di accesso sbloccate, con tutte le parti in arresto sicuro. Gli elementi dell'impianto che dovranno essere sostituiti frequentemente, come gli utensili, saranno realizzati per essere smontati/rimontati in modo facile e veloce: - Ciascuna smerigliatrice a nastro avrà localmente una levetta di comando pneumatico per attivare/disattivare il proprio cilindro di tensionamento nastro; - Per agevolare l'operatore alla sostituzione delle spazzole sulle unità di lucidatura CNC, da pannello operatore sarà possibile comandare il posizionamento automatico dell'unità di lucidatura alla "quota di cambio utensile", funzione da richiamare prima di accedere all'interno della zona protetta. Per la sostituzione degli utensili, l'operatore dovrà accedere all'interno della zona protetta, e quindi varranno le condizioni di sicurezza indicate al RESS 1.3.7. Vengono date informazioni nelle istruzioni dell'impianto. | R67: Nelle istruzioni dell'impianto verranno date le seguenti informazioni: - Tutte le operazioni di manutenzione devono essere eseguite con impianto sezionato dalle proprie alimentazioni e con i circuiti pneumatici depressurizzati. - Tutte le operazioni di regolazione, fatta eccezione di quelle previste con impianto alimentato, devono essere eseguite con impianto sezionato dalle proprie alimentazioni e con i circuiti pneumatici depressurizzati. - Quando si deve accedere all'interno di una cabina di protezione è necessario portare con sé la chiave di "SBLOCCO PORTE" della zona coinvolta. | S67: 3 | T67: 2 | U67: 1 | V67: 1 | W67: =IF(COUNT(T67:V67)=3,SUM(T67:V67),"") -> 4 | X67: =IF(OR(S67="",W67=""),"",INDEX(Metodo!$C$6:$G$9,MATCH(S67,Metodo!$B$6:$B$9,0),MATCH(W67,Metodo!$C$5:$G$5,1))) -> OK | Y67: Norme A: EN ISO 12100 | Norme: ISO/TR 14121-2
A68: LIB-067 | B68: 1.6.1 | C68: Manutenzione della macchina | D68: VRQ-002 | E68: Impianto | F68: Equipaggiamento elettrico | G68: Sempre | H68: Equipaggiamento elettrico | I68: Manutenzione. | J68: 2.1 Contatto di persone con elementi normalmente in tensione (contatto diretto) 2.2 Contatto di persone con elementi che entrano in tensione in caso di guasto (contatto indiretto) | K68: 4 | L68: 3 | M68: 3 | N68: 5 | O68: =IF(COUNT(L68:N68)=3,SUM(L68:N68),"") -> 11 | P68: =IF(OR(K68="",O68=""),"",INDEX(Metodo!$C$6:$G$9,MATCH(K68,Metodo!$B$6:$B$9,0),MATCH(O68,Metodo!$C$5:$G$5,1))) -> Richieste | Q68: Le manutenzioni sull'equipaggiamento elettrico dell'impianto dovranno essere eseguite da personale abilitato e qualificato con le dovute precauzioni. Verranno date informazioni nelle istruzioni. | R68: Nelle istruzioni dell'impianto verranno date le seguenti avvertenze: - La manutenzione dell’impianto elettrico potrebbe richiede l’esecuzione di interventi in tensione (quali ad esempio misure elettriche). È quindi necessario che gli addetti alla manutenzione siano qualificati per poter eseguire lavori elettrici in tensione (secondo la norma EN 50011-1)". Segnaletica 1.2.26 5.12 4.3.2 Pericolo, togliere la Warning; Electricity Prescrizioni elettriche tensione prima di rimuovere la protezione | S68: 4 | T68: 2 | U68: 1 | V68: 1 | W68: =IF(COUNT(T68:V68)=3,SUM(T68:V68),"") -> 4 | X68: =IF(OR(S68="",W68=""),"",INDEX(Metodo!$C$6:$G$9,MATCH(S68,Metodo!$B$6:$B$9,0),MATCH(W68,Metodo!$C$5:$G$5,1))) -> Suggerite | Y68: Norme A: EN ISO 12100 | Norme: ISO/TR 14121-2 | Z68: Il rischio finale non è in area verde: verificare se servono altre misure o motivare l'accettazione.
A69: LIB-068 | B69: 1.6.2 | C69: Accesso ai posti di lavoro e ai punti d'intervento utilizzati per la manutenzione | D69: VRQ-001 | E69: Impianto | F69: Cabina di protezione e ripari | G69: Se presente cabina con porte di accesso | H69: Area interna alle cabine di protezione | I69: Normale; manutenzione; regolazione / attrezzamento. | J69: 9.1.1 Pericoli provocati da posizioni insalubri 10.8 Scivolamento, inciampo e caduta di persone (relativi alla macchina) | K69: 1 | L69: 5 | M69: 2 | N69: 3 | O69: =IF(COUNT(L69:N69)=3,SUM(L69:N69),"") -> 10 | P69: =IF(OR(K69="",O69=""),"",INDEX(Metodo!$C$6:$G$9,MATCH(K69,Metodo!$B$6:$B$9,0),MATCH(O69,Metodo!$C$5:$G$5,1))) -> OK | Q69: Le postazioni di conduzione per l'operatore durante il normale funzionamento dell'impianto saranno tutte ubicate fuori dalla zona pericolosa, e non richiederanno di salire o accedere a livelli sopraelevati rispetto alla pavimentazione. Tutte le parti dell'impianto che necessitano di manutenzioni periodiche saranno in una posizione facilmente raggiungibile e non richiederanno mezzi di accesso. All'interno delle cabine di protezione, le stazioni di lavoro e i vari dispositivi saranno posizionati e fissati a dei basamenti o dei supporti. I fasci di cavi e di tubature saranno raggruppati ordinatamente, in modo da razionalizzare il più possibile la loro distribuzione e limitare il loro ingombro. I fasci che "correranno" a terra saranno protetti da coperture calpestabili. Quando si accede all'area di lavoro, si potrebbe urtare con la testa le parti sporgenti delle stazioni di lavoro, in particolare l'estremità del robot antropomorfo. Per questo motivo quando si accede alla zona protetta è necessario indossare opportuni dispositivi di protezione individuale (casco, guanti, ...). | R69: Nelle istruzioni dell'impianto si riporteranno le seguenti indicazioni/avvertenze: - Il tetto delle cabine di protezione dell’impianto non è calpestabile. - La manutenzione di parti dell’impianto che richiedono di portarsi ad una certa altezza, esponendolo al pericolo di caduta dall’alto, dovrà essere eseguita utilizzando mezzi di accesso sicuri, come piattaforme elevatrici e/o trabatelli. - Tutte le operazioni eseguite con l’ausilio di scale portatili devono essere effettuate da personale specializzato ed addestrato all’uso di tali attrezzature. Le scale portatili utilizzate per eseguire alcune operazioni devono essere certificate e a norma di legge. Segnaletica 3.14 Wear head protection Rischio residuo Rischio di inciampo: non si possono escludere episodi di inciampo dovuti alla presenza di elementi strutturali o canalizzazioni a pavimento. | W69: =IF(COUNT(T69:V69)=3,SUM(T69:V69),"") | X69: =IF(OR(S69="",W69=""),"",INDEX(Metodo!$C$6:$G$9,MATCH(S69,Metodo!$B$6:$B$9,0),MATCH(W69,Metodo!$C$5:$G$5,1))) | Y69: Norme A: EN ISO 12100 Norme B: EN 547-1; EN 547-2; EN 547-3; EN ISO 14122-1; EN ISO 14122-2; EN ISO 14122-3 | Norme: ISO/TR 14121-2 | Z69: Manca la stima del rischio finale nel documento originale.
A70: LIB-069 | B70: 1.6.3 | C70: Isolamento dalle fonti di alimentazione di energia | D70: VRQ-001 | E70: Impianto | F70: Generale impianto | G70: Sempre | H70: Tutte le zone legate agli elementi mobili e/o alle parti attive dell'impianto. | I70: Manutenzione; regolazione / attrezzamento. | J70: 1.1.1 Pericolo di schiacciamento 1.1.2 Pericolo di cesoiamento 1.1.3 Pericolo di taglio o di sezionamento 1.1.4 Pericolo di impigliamento 1.1.6 Pericolo di urto 1.1.7 Pericolo di perforazione o di puntura 1.1.8 Pericolo di attrito o di abrasione 1.2.2 Posizione relativa (può generare zone di schiacciamento, di cesoiamento, di impigliamento, ecc. quando le parti sono in movimento) 2.1 Contatto di persone con elementi normalmente in tensione (contatto diretto) 2.2 Contatto di persone con elementi che entrano in tensione in caso di guasto (contatto indiretto) | K70: 4 | L70: 4 | M70: 3 | N70: 5 | O70: =IF(COUNT(L70:N70)=3,SUM(L70:N70),"") -> 12 | P70: =IF(OR(K70="",O70=""),"",INDEX(Metodo!$C$6:$G$9,MATCH(K70,Metodo!$B$6:$B$9,0),MATCH(O70,Metodo!$C$5:$G$5,1))) -> Richieste | Q70: L’Impianto di smerigliatura e lucidatura rubinetteria viene progettato per eseguire in modo automatico le operazioni di smerigliatura e, successivamente, di pulitura di componenti di rubinetteria. L'impianto sarà realizzato con le due zone di lavoro (di smerigliatura e di pulitura) separate fisicamente (ognuna avrà una propria cabina di protezione), anche dal punto di vista delle alimentazioni. Le fonti di alimentazione di energia dell'impianto saranno elettrica e pneumatica. In generale: - Vi sarà un dispositivo di sezionamento per ogni tipo di fonte di alimentazione di energia. - I dispositivi di isolamento delle fonti di alimentazione di energia saranno ubicati fuori dalle zone pericolose. ZONA DI SMERIGLIATURA - Alimentazione elettrica Il quadro elettrico della zona di smerigliatura avrà un interruttore di sezionamento della fonte di alimentazione elettrica dell'intera zona di smerigliatura. Questo dispositivo avrà un'etichetta che riporterà una dicitura tipo "SMERIGLIATURA". Ponendo il sezionatore su "0/OFF", la zona di smerigliatura verrà elettricamente disalimentata. I quadri controller dei robot antropomorfi prenderanno alimentazione dal quadro elettrico della zona di smerigliatura, e avranno un proprio dispositivo di sezionamento elettrico. Tutti i dispositivi di sezionamento saranno "lucchettabili" in modo che la loro posizione di "0/OFF" possa essere bloccata. L'impianto elettrico della zona di smerigliatura sarà realizzato in modo tale che l'illuminazione interna alla cabina di protezione della zona di smerigliatura possa rimanere accesa anche quando il sezionatore viene posizionato su "0/OFF", in modo da consentire gli interventi previsti al suo interno. ZONA DI PULITURA - Alimentazione elettrica Il quadro elettrico della zona di pulitura avrà un interruttore di sezionamento della fonte di alimentazione elettrica dell'intera zona di pulitura. Questo dispositivo avrà un'etichetta che riporterà una dicitura tipo "PULITURA". Ponendo il sezionatore su "0/OFF", la zona di pulitura verrà elettricamente disalimentata. Il dispositivo di sezionamento sarà "lucchettabile" in modo che la sua posizione in "0/OFF" possa essere bloccata. L'impianto elettrico della zona di pulitura sarà realizzato in modo tale che l'illuminazione interna alla cabina di protezione della zona di pulitura possa rimanere accesa anche quando il sezionatore viene posizionato su "0/OFF", in modo da consentire gli interventi previsti al suo interno. ZONA DI SMERIGLIATURA - Alimentazione pneumatica La valvola di sezionamento manuale della fonte di alimentazione pneumatica sarà posta sul gruppo di trattamento aria principale della zona di smerigliatura. Ruotando la valvola su "0/OFF", la zona di smerigliatura verrà pneumaticamente disalimentata. A valle del gruppo di trattamento aria principale della zona di smerigliatura, vi saranno ulteriori rubinetti che consentiranno la disalimentazione di uno specifico circuito, come quello di alimentazione delle pinze porta-pezzo, e altri che consentiranno lo scarico della pressione dei circuiti pneumatici. La valvola di sezionamento manuale sarà "lucchettabile" in modo che la sua posizione di "0/OFF" possa essere bloccata. ZONA DI PULITURA - Alimentazione pneumatica La valvola di sezionamento manuale della fonte di alimentazione pneumatica sarà posta sul gruppo di trattamento aria principale della zona di pulitura. Ruotando la valvola su "0/OFF", la zona di pulitura verrà pneumaticamente disalimentata. A valle del gruppo di trattamento aria principale della zona di pulitura, vi saranno ulteriori rubinetti che consentiranno la disalimentazione di uno specifico circuito, come quello di alimentazione delle pinze porta-pezzo, e altri che consentiranno lo scarico della pressione dei circuiti pneumatici. La valvola di sezionamento manuale sarà "lucchettabile" in modo che la sua posizione di "0/OFF" possa essere bloccata. | R70: Nelle istruzioni dell'impianto si riporta: - L'obbligo di eseguire manutenzioni, pulizia e riparazioni con l'impianto fermo, isolato da tutte le fonti di alimentazione, nonché scarico dalle pressioni residue. - L'obbligo di sostituire una pinza porta-pezzo con il relativo circuito di alimentazione scarico dalla pressione. - L'avvertenza "Alcuni componenti dell’equipaggiamento elettrico possono trovarsi sotto tensione anche dopo il disinserimento della tensione di rete. Prima di rimuovere la copertura degli apparecchi (ad es. inverter), attendere almeno 5 minuti, affinché la tensione si riduca a valori trascurabili." Segnaletica 4.3.8 4.3.2 Prescrizioni Prescrizioni elettriche pneumatiche | S70: 4 | T70: 2 | U70: 1 | V70: 1 | W70: =IF(COUNT(T70:V70)=3,SUM(T70:V70),"") -> 4 | X70: =IF(OR(S70="",W70=""),"",INDEX(Metodo!$C$6:$G$9,MATCH(S70,Metodo!$B$6:$B$9,0),MATCH(W70,Metodo!$C$5:$G$5,1))) -> Suggerite | Y70: Norme A: EN ISO 12100 Norme B: EN ISO 14118; EN 60204-1 | Norme: ISO/TR 14121-2 | Z70: Il rischio finale non è in area verde: verificare se servono altre misure o motivare l'accettazione.
A71: LIB-070 | B71: 1.6.4 | C71: Intervento dell'operatore | D71: VRQ-001 | E71: Impianto | F71: Generale impianto | G71: Sempre | I71: Manutenzione. | O71: =IF(COUNT(L71:N71)=3,SUM(L71:N71),"") | P71: =IF(OR(K71="",O71=""),"",INDEX(Metodo!$C$6:$G$9,MATCH(K71,Metodo!$B$6:$B$9,0),MATCH(O71,Metodo!$C$5:$G$5,1))) | Q71: L'impianto verrà progettato per limitare il più possibile la necessità d'intervento dell'operatore. La lubrificazione degli organi meccanici verrà così gestita: - automaticamente, mediante un sistema automatico di lubrificazione per ciascuna zona dell'impianto, per le chiocciole a ricircolo di sfere; - manualmente per i manicotti, utilizzando grasso. La sostituzione delle pinze porta-pezzo, in caso si debba cambiare il tipo di prodotto da lavorare (tra quelli previsti che possono essere lavorati dall'impianto), sarà eseguita con tutte le stazioni di lavoro in posizione di riposo/inizio ciclo. In questo modo l'operatore potrà raggiungere la parte su cui intervenire senza ulteriori mezzi e senza adottare posizioni poco ergonomiche. La sostituzione degli utensili potrebbe essere necessaria anche durante il funzionamento dell'impianto, sia a seguito di un controllo visivo dei pezzi da parte dell'operatore che per segnalazione della logica di controllo (sulla base dei parametri impostati). Per la sostituzione degli utensili, l'operatore dovrà accedere all'interno della zona protetta, e quindi vigeranno le condizioni di sicurezza indicate al RESS 1.3.7. In ogni caso l'operazione sarà facile e richiederà poco tempo. Le operazioni di pulizia dei residui di lavorazione dovranno essere effettuate costantemente e secondo la frequenza che verrà indicata nelle istruzioni d'uso. Tutte le operazioni di manutenzione e regolazione dovranno essere eseguite con impianto isolato (sezionato) dalle alimentazioni e con i circuiti pneumatici scaricati dalle pressioni residue. Verranno date informazioni per il corretto intervento dell'operatore nelle istruzioni dell'impianto. | R71: Nelle istruzioni dell'impianto verranno date le seguenti informazioni: - Tutte le operazioni di manutenzione devono essere eseguite con impianto sezionato dalle proprie alimentazioni e con i circuiti pneumatici depressurizzati. - Tutte le operazioni di regolazione, fatta eccezione di quelle previste con impianto alimentato, devono essere eseguite con impianto sezionato dalle proprie alimentazioni e con i circuiti pneumatici depressurizzati. - Quando si deve accedere all'interno di una cabina di protezione è necessario portare con sé la chiave di "SBLOCCO PORTE" della zona coinvolta. | W71: =IF(COUNT(T71:V71)=3,SUM(T71:V71),"") | X71: =IF(OR(S71="",W71=""),"",INDEX(Metodo!$C$6:$G$9,MATCH(S71,Metodo!$B$6:$B$9,0),MATCH(W71,Metodo!$C$5:$G$5,1))) | Y71: Norme A: EN ISO 12100 | Norme: ISO/TR 14121-2 | Z71: Scheda descrittiva, senza stima del rischio.
A72: LIB-071 | B72: 1.7.1 | C72: Informazioni e avvertenze sulla macchina | D72: VRQ-001 | E72: Impianto | F72: Informazioni, marcatura e istruzioni | G72: Sempre | I72: Tutte. | O72: =IF(COUNT(L72:N72)=3,SUM(L72:N72),"") | P72: =IF(OR(K72="",O72=""),"",INDEX(Metodo!$C$6:$G$9,MATCH(K72,Metodo!$B$6:$B$9,0),MATCH(O72,Metodo!$C$5:$G$5,1))) | Q72: Le informazioni ed avvertenze sull'impianto saranno relative principalmente ai rischi residui (vedere RESS 1.7.2) e ai dispositivi di protezione individuale (DPI) da usare. Le avvertenze applicate direttamente sulle parti dell'impianto saranno sotto forma di simboli o pittogrammi ISO 7010. Le informazioni scritte, principalmente associate ai pittogrammi di avvertenza, saranno in una lingua ufficiale della Comunità in uso dallo Stato in cui viene immesso l'impianto. | W72: =IF(COUNT(T72:V72)=3,SUM(T72:V72),"") | X72: =IF(OR(S72="",W72=""),"",INDEX(Metodo!$C$6:$G$9,MATCH(S72,Metodo!$B$6:$B$9,0),MATCH(W72,Metodo!$C$5:$G$5,1))) | Y72: Norme A: EN ISO 12100 Norme B: EN 981; EN 61310-1; EN 61310-2 | Norme: ISO/TR 14121-2 | Z72: Scheda descrittiva, senza stima del rischio.
A73: LIB-072 | B73: 1.7.1.1 | C73: Informazioni e dispositivi di informazione | D73: VRQ-001 | E73: Impianto | F73: Informazioni, marcatura e istruzioni | G73: Sempre | I73: Normale. | O73: =IF(COUNT(L73:N73)=3,SUM(L73:N73),"") | P73: =IF(OR(K73="",O73=""),"",INDEX(Metodo!$C$6:$G$9,MATCH(K73,Metodo!$B$6:$B$9,0),MATCH(O73,Metodo!$C$5:$G$5,1))) | Q73: Le schermate dei pannelli operatori riporteranno immagini/sinottici della zona o della stazione interessata e informazioni sotto forma di scritte e icone. Le icone saranno con una simbologia di facile comprensione. La lingua delle scritte potrà essere selezionata da una pagina specifica dei pannelli operatori. Le lingue a disposizione saranno almeno italiano e inglese. Ulteriori lingue saranno previste quando l'impianto sarà messo in servizio in un altro Paese. L'interfaccia di dialogo con l'operatore sarà organizzata in modo gerarchico: da ciascuna pagina l'operatore potrà sempre vedere a quale parte dell'impianto si fa riferimento, lo stato e la condizione degli organi oggetto della pagina visualizzata. | W73: =IF(COUNT(T73:V73)=3,SUM(T73:V73),"") | X73: =IF(OR(S73="",W73=""),"",INDEX(Metodo!$C$6:$G$9,MATCH(S73,Metodo!$B$6:$B$9,0),MATCH(W73,Metodo!$C$5:$G$5,1))) | Y73: Norme A: EN ISO 12100 Norme B: EN 894-1; EN 894-2; EN 61310-1; EN 61310-2; EN 61310-3; EN 842; EN 981 | Norme: ISO/TR 14121-2 | Z73: Scheda descrittiva, senza stima del rischio.
A74: LIB-073 | B74: 1.7.1.2 | C74: Dispositivi di allarme | D74: VRQ-001 | E74: Impianto | F74: Informazioni, marcatura e istruzioni | G74: Sempre | I74: Normale. | O74: =IF(COUNT(L74:N74)=3,SUM(L74:N74),"") | P74: =IF(OR(K74="",O74=""),"",INDEX(Metodo!$C$6:$G$9,MATCH(K74,Metodo!$B$6:$B$9,0),MATCH(O74,Metodo!$C$5:$G$5,1))) | Q74: Il funzionamento dell'impianto sarà sempre sorvegliato dall'operatore addetto alla conduzione, preposto a sovrintendere a tutte le operazioni svolte dall'impianto. Verranno date indicazioni nelle istruzioni dell'impianto. L'impianto sarà dotato di due colonne luminose di segnalazione dello stato dell'impianto, una specifica della zona di smerigliatura e l'altra specifica della zona di pulitura. Ciascuna colonna luminosa sarà ubicata in corrispondenza della propria zona a cui fa riferimento, posta in modo tale che l'operatore addetto alla conduzione nella sua postazione di lavoro principale possa vederle (entrambe) direttamente. Le colonne luminose saranno dotate di gemme di colore diverso. L'ordine di posizione delle gemme e il colore associato alla segnalazione rispetteranno quanto indicato dalle norme di riferimento EN 60204-1 e EN 61310-1. Le colonne luminose avranno i seguenti indicatori luminosi disposti in ordine dal primo in alto, all'ultimo in basso: - ROSSO: Emergenza. - GIALLO: Anomalia, condizione critica che richiede l'intervento dell'operatore per il ripristino. - BLU: Obbligatorio, indicazione di una condizione che richiede un'azione dell'operatore, come zona o stazione di lavoro da azzerare; - VERDE: - quando lampeggiante: ciclo di lavoro pronto per essere avviato; - quando fissa: ciclo di lavoro in corso; - BIANCO, di segnalazione presenza tensione. | W74: =IF(COUNT(T74:V74)=3,SUM(T74:V74),"") | X74: =IF(OR(S74="",W74=""),"",INDEX(Metodo!$C$6:$G$9,MATCH(S74,Metodo!$B$6:$B$9,0),MATCH(W74,Metodo!$C$5:$G$5,1))) | Y74: Norme A: EN ISO 12100 Norme B: EN 61310-1; EN 981 | Norme: ISO/TR 14121-2 | Z74: Scheda descrittiva, senza stima del rischio.
A75: LIB-074 | B75: 1.7.2 | C75: Avvertenze in merito ai rischi residui | D75: VRQ-001 | E75: Impianto | F75: Informazioni, marcatura e istruzioni | G75: Sempre | I75: Tutte. | O75: =IF(COUNT(L75:N75)=3,SUM(L75:N75),"") | P75: =IF(OR(K75="",O75=""),"",INDEX(Metodo!$C$6:$G$9,MATCH(K75,Metodo!$B$6:$B$9,0),MATCH(O75,Metodo!$C$5:$G$5,1))) | Q75: In merito ai rischi residui verranno date informazioni nelle istruzioni dell'impianto. Verrà inoltre applicata della cartellonistica di avvertenza sulle parti dell'impianto con la segnalazione del pericolo associato. | R75: Nelle istruzioni dell'impianto verranno indicati i rischi residui. Rischio residuo Rischio residuo di elettrocuzione: sulle parti elettriche in tensione o fuori tensione deve operare esclusivamente personale tecnico preposto (PES, PAV e PEI), che deve adottare le dovute precauzioni. Rischi connessi alla presenza di pressione residua sui dispositivi pneumatici: l’impianto pneumatico deve essere sempre scaricato manualmente da un operatore qualificato prima di eseguire qualsiasi intervento sulle parti dell’impianto. Rischio di caduta/proiezione del pezzo in presa su una pinza porta-pezzo (del robot, del manipolatore, della tavola rotante) qualora vi sia un’anomalia/guasto, disalimentazione o errore di programmazione: - Durante i TEST porsi al di fuori della potenziale linea di proiezione sia del pezzo in lavorazione (qualora dovesse sfuggire dalla presa della pinza porta-pezza), sia del materiale asportato o degli utensili (spazzole, nastri abrasivi). - Quando si accede all’area protetta indossare sempre tutti i dispositivi di protezione individuale previsti. Rischio residuo di urto, schiacciamento, taglio, sezionamento, abrasione: dovuto al contatto con elementi mobili, durante le operazioni di test, ripristino e durante le operazioni di manutenzione straordinaria e/o ricerca guasti. - Solo personale addestrato può utilizzare uno dei terminali portatili per la movimentazione delle parti dell’impianto all’interno dell’area protetta (riconosciuto tramite credenziali di accesso). - Durante le manovre in test, mai porsi all’interno dello spazio di azione della stazione di lavoro o dei robot. Mantenersi sempre a distanza di sicurezza. - Eseguire le manutenzioni sempre con impianto fermo, sezionato dalle alimentazioni e scaricato dalle pressioni residue. Rischio residuo di spruzzatura della pasta liquida. - Mai porsi sotto all’ugello di spruzzatura. - Quando si deve intervenire sulle pistole di spruzzatura, indossare sempre tutti i dispositivi di protezione individuale previsti. Rischio residuo di scottatura: Quando si manipolano i pezzi indossare guanti termoisolanti. Alcune parti dell’impianto possono raggiungere temperature superficiali elevate. Rischio residuo legate alle sostanze prodotte e usate per la produzione (pericolo biologico o in ogni caso dannose per la salute delle persone): la composizione delle sostanze è varia, costituite dal materiale smerigliato/lucidato, dalle paste abrasive usate e dai materiali degli utensili usati (spazzole e nastri abrasivi). Per questi motivi, oltre a quanto indicato di seguito, il Cliente Utilizzatore dovrà effettuare una specifica valutazione del rischio chimico. Rischi residui legati alla presenza di altre persone: Quando si accede a un’area protetta, portare sempre con sé la chiave del selettore modale di zona. E’ vietato l’accesso alle cabina di protezione a personale estraneo. | W75: =IF(COUNT(T75:V75)=3,SUM(T75:V75),"") | X75: =IF(OR(S75="",W75=""),"",INDEX(Metodo!$C$6:$G$9,MATCH(S75,Metodo!$B$6:$B$9,0),MATCH(W75,Metodo!$C$5:$G$5,1))) | Y75: Norme A: EN ISO 12100 Norme B: EN 61310-1; EN 842; EN 981 | Norme: ISO/TR 14121-2 | Z75: Scheda descrittiva, senza stima del rischio.
A76: LIB-075 | B76: 1.7.3 | C76: Marcatura delle macchine | D76: VRQ-001 | E76: Impianto | F76: Informazioni, marcatura e istruzioni | G76: Sempre | I76: Non specificata. | O76: =IF(COUNT(L76:N76)=3,SUM(L76:N76),"") | P76: =IF(OR(K76="",O76=""),"",INDEX(Metodo!$C$6:$G$9,MATCH(K76,Metodo!$B$6:$B$9,0),MATCH(O76,Metodo!$C$5:$G$5,1))) | Q76: Sull'impianto verrà apposta la targa di marcatura CE, che riporterà le indicazioni richieste dal presente punto. La marcatura CE dell'impianto sarà visibile, leggibile ed indelebile. Vedere la sezione "Marcatura CE" del Fascicolo Tecnico. | W76: =IF(COUNT(T76:V76)=3,SUM(T76:V76),"") | X76: =IF(OR(S76="",W76=""),"",INDEX(Metodo!$C$6:$G$9,MATCH(S76,Metodo!$B$6:$B$9,0),MATCH(W76,Metodo!$C$5:$G$5,1))) | Y76: Norme A: EN ISO 12100 Norme B: EN 82079-1 | Norme: ISO/TR 14121-2 | Z76: Scheda descrittiva, senza stima del rischio.
A77: LIB-076 | B77: 1.7.4 | C77: Istruzioni | D77: VRQ-001 | E77: Impianto | F77: Informazioni, marcatura e istruzioni | G77: Sempre | I77: Tutte. | O77: =IF(COUNT(L77:N77)=3,SUM(L77:N77),"") | P77: =IF(OR(K77="",O77=""),"",INDEX(Metodo!$C$6:$G$9,MATCH(K77,Metodo!$B$6:$B$9,0),MATCH(O77,Metodo!$C$5:$G$5,1))) | Q77: L'impianto sarà accompagnato da un manuale d'uso e manutenzione nella lingua ufficiale dello Stato in cui viene esso immesso. Le istruzioni in lingua italiana saranno le "istruzioni originali". Le istruzioni tradotte in altra lingua saranno la "traduzione delle istruzioni originali". Insieme alla traduzione delle istruzioni originali saranno allegate le "istruzioni originali". | W77: =IF(COUNT(T77:V77)=3,SUM(T77:V77),"") | X77: =IF(OR(S77="",W77=""),"",INDEX(Metodo!$C$6:$G$9,MATCH(S77,Metodo!$B$6:$B$9,0),MATCH(W77,Metodo!$C$5:$G$5,1))) | Y77: Norme A: EN ISO 12100 Norme B: EN 82079-1 | Norme: ISO/TR 14121-2 | Z77: Scheda descrittiva, senza stima del rischio.
